air_pressure_9am,air_temp_9am,avg_wind_direction_9am,avg_wind_speed_9am,max_wind_direction_9am,max_wind_speed_9am,rain_accumulation_9am,rain_duration_9am,relative_humidity_3pm
0.998272815773973,1.08288877713841,0.642996952976317,0.338400924547329,0.865465178442534,0.388544139681875,0,0,1
1.00170620719563,1.06370496733923,1.25421327846377,0.600803164740368,1.30125380837763,0.570726584023361,0,0,1
0.997802235379738,1.16804593375674,1.47945081503447,0.315090560697024,1.41382315826525,0.319616531860346,0,0,1
1.00337906660548,1.04000258312056,0.367750590083649,1.3230877428265,0.504597542249018,1.38244416450326,0,0,1
1.0011506846847,0.954898522596531,0.345667221493946,1.75646950102011,0.457490826284448,1.69922247224341,0,0,1
1.00310508517842,1.08676709349654,1.37137235544396,0.269618015763229,1.56343912856502,0.299074793523406,0,0,1
1.00330283844059,0.92443001403523,1.03841592822518,0.230555336914721,1.20622821041393,0.260308553745281,0,0,1
1.00234526100781,1.04136749551684,0.319810547465541,1.96758950045634,0.385071384500166,1.87441717678202,0,0,1
1.00572961406965,1.04464328526767,0.355134789394673,1.36956623496329,0.425118808488183,1.30618834760007,0,0,1
0.996860650258065,1.32226646665192,1.32465907234248,0.216899629971537,0.673412837213892,0.285344347121682,0,0,1
1.00140939488782,1.02089380957397,0.966370332775559,0.170421137834767,0.843460360609165,0.228767450709607,0,0,1
1.00514597835048,1.04690404151749,0.408057492128594,1.04688845455755,0.450066703909791,0.969825831476801,0,0,1
1.00322671630688,0.999055211234978,1.25527216855311,0.622811794632588,1.27658865389495,0.585447884611704,0,0,1
1.00372729585943,1.12735697647647,1.05278856749504,0.579431868638288,1.29383985192056,0.760098303970655,0,0,1
1.00434584782068,1.04524180791247,0.34482838174828,1.35573279536281,0.509041827225771,1.46635736744544,0,0,1
1.00016882817061,1.16420961117358,1.0483730372539,0.179716836262127,1.22606728824853,0.199249069972903,0,0,1
1.00051705742457,1.18768610438794,1.15876129328244,0.520559111931676,0.263080769890513,0.592827479795858,0,0,1
1.00256290429153,1.26221032121964,1.02566459601375,0.368729370951624,1.19526157748852,0.391118544761573,0,0,1
1.00340083093385,0.936542223489699,0.354503999360225,1.44393182238207,0.474407945704205,1.47591903683622,0,0,1
1.00724035376976,1.0062890705814,0.353646481674007,2.42793539723505,0.418587259331259,2.30610928277043,0,0,1
1.00670588101421,0.866469124350353,0.334122749178194,2.02489968327291,0.425162284870889,2.11291403918268,0,0.00094352797536374,1
1.00341220814675,1.16384868005238,1.04544874267289,0.522415165768,1.26716428687284,0.660251318163871,0,0,1
0.998623560856194,0.665197639127957,1.21679397645173,0.808725763179684,1.27165974017335,0.799456144952951,0,0,1
0.998186430420038,1.29911800370053,1.68101420020902,0.298930039695911,1.19958984996339,0.311108155823801,0.0173522625766574,0.0431977288027236,1
1.00267172593339,1.15383627696253,1.41990836754424,0.263378122108245,1.54706279436787,0.282884482060253,0.0222649718814098,0.18375066123889,1
0.996713127004464,1.05233036734171,0.294807106520303,1.52050604829448,0.398285077217523,1.57224641061148,0,0.00575577934483446,1
0.999945407787372,1.10557718733117,1.03143754163221,0.14219954123982,1.20855278193528,0.162990370170724,0,0,1
1.00269145514485,0.72750429175582,0.292127875831369,1.52348451724929,0.414231190740302,1.58190091399496,0,0,1
1.00944043205707,0.832535898900359,0.346934518946839,0.690980249766544,0.329004990916942,0.79207654976878,0,0,1
1.00283495839618,0.654551322437656,0.331164768085619,3.26279014800079,0.418957666336181,3.2814599918992,0.0278312148517623,0.0612502204129635,1
1.00055821020895,0.932973130800581,0.335470843454044,1.99543964670333,0.444395431348071,1.93663396788985,0,0,1
1.00091252139737,1.04224407181633,0.348367249835712,2.23380184733945,0.457800688431864,2.28991217462636,0,0,1
1.00155086302223,1.1251731166426,0.353873209325776,0.653797456057095,0.447915034450593,0.612506400287032,0,0,1
1.00509844854687,0.94937240001382,0.401813251943884,0.684783117481619,0.465166232476201,0.666623431637686,0,0,1
1.00410973936751,0.720690581596888,1.25269822442051,0.84651907940121,1.3272690082572,0.819458183283723,0,0,1
0.998326857997583,1.20180048008439,0.613555364461287,0.153797558628589,0.588964280379772,0.169641339412273,0,0,1
1.00180115279851,1.13745732820825,0.565818660900572,0.161125439407422,0.561280050047442,0.196789204911478,0,0,1
1.00476904047109,1.06684051174587,1.22835416431624,0.579281545324614,1.35122492204906,0.594076110178075,0,0,1
1.00477660354871,0.867272512382324,0.281989548848224,1.38446173873257,0.410573001891205,1.42096362015153,0,0,1
1.00495158506373,1.03813129777397,0.242076257776773,0.647093534107853,0.400041581815228,0.713016717580164,0,0,1
1.00073470070828,1.0653899536897,0.753163301131865,0.470982053652522,1.00180171391563,0.558389368936381,0,0,1
1.0032629521754,0.979980851978258,0.461823115639188,0.528528441832577,0.567029588538815,0.520522397880921,0,0,1
1.00629861519131,0.927049755712398,0.256563979594365,1.18800930605402,0.40312246735611,1.25895800553603,0,0,1
1.00300907302315,0.812335195436803,0.304040796604321,0.728163043475961,0.396777554588971,0.747798978663684,0,0,1
1.00788141856657,1.00197564016692,0.358419809947284,2.35434649736845,0.426975219977664,2.25396303727864,0,0,1
1.00287208253794,1.14122767923054,1.42118386827075,0.271951982447098,1.54857089857322,0.29126177202916,0.0198954297400618,0.164195058940122,1
0.999330901528283,0.840998355756735,0.302148426500974,0.895485615168326,0.391848640867369,0.863412636549194,0,0,1
1.00279938247836,1.1099946267918,1.04426495111857,0.469704380603243,1.27029932632519,0.613387422161754,0,0,1
1.00199703175385,1.07248749814984,1.14172996235232,0.610417530062789,1.1595269530069,0.558389368936361,0,0,1
0.996476334368036,1.30788560654714,1.4772444464039,0.241430347819965,0.773241981097438,0.275244398830453,0,0,1
1.00247700694694,0.907071688007764,0.348846714764695,2.47895983274368,0.472818508122922,2.57756879965336,0,0.00503059524631356,1
0.998662979992147,1.23526594180125,0.768818321405703,0.240279210435091,0.51723171072411,0.266963944362349,0,0,1
1.00764487496638,0.863928884012636,0.326118447810029,2.47575434781827,0.408483724677776,2.45002560114814,0,0.00612502204129635,1
1.00105363611719,0.848743441577443,0.303445298751837,1.22292903267175,0.395142059599577,1.21338177854888,0,0,1
1.00508756638267,0.885767482351594,0.300886846432077,1.46872035152174,0.413412638399378,1.49805782238877,0,0,1
1.00059097682036,1.03217773728701,0.296765191494966,1.46377355177854,0.399742587588273,1.50574529983295,0,0.00400216014168414,1
0.997696045016708,1.27827770279983,1.31278980858344,0.26217841188412,0.66736961710118,0.339262686377039,0,0,1
0.999936760381651,1.16902783228878,1.15672811321295,0.599072520332244,1.18916004455041,0.556821976116619,0,0,1
1.00353998679721,0.86238158985452,0.305186305541959,1.70354621183038,0.3998743214716,1.72525992640816,0,0,1
1.00556638160686,0.716518345224543,0.302148426500974,1.93660383903183,0.420806008981782,1.96297231899218,0,0.0122500440825927,1
0.999408706500891,1.10965221439101,1.1462764337064,0.225790682497823,1.14521804956118,0.247134970612715,0,0,1
1.00217114638083,1.14400890770992,0.253577593848417,0.29746234967525,0.401090354095373,0.327162053165353,0,0,1
1.00409536549951,0.914109098920576,0.870016786997112,0.457185220112343,0.906546106780451,0.565968630790749,0,0,1
1.00431717700392,0.922227692462285,1.69792830113456,0.264093399408019,1.43384029238872,0.269386642627766,0,0,1
1.00160069775587,0.753530261058211,0.293925310123782,1.41635024582538,0.409180418085618,1.45075123179751,0,0,1
1.00593662165984,1.00243848259432,0.399360451355598,1.33672412867006,0.446384784909507,1.24437384171188,0,0,1
0.999309137199912,0.970665033394401,0.452276454699788,0.917175578165464,0.508294227540219,0.883091557040345,0,0,1
0.999135022572941,1.19969733347432,1.54102005415841,0.316053746529959,1.42014326603661,0.317322592919763,0,0,1
0.999319519417925,1.13822149433464,1.15603447749703,0.278883614839246,1.15570411005232,0.29309174241675,0,0,1
1.00538706673293,0.888817338230254,0.296589646908457,1.55357732138616,0.410054860923559,1.5919004169118,0,0,1
1.00184177261779,1.19307667409071,0.602789843741452,0.401859756351987,0.769319670752624,0.436403055044033,0,0,1
0.998773233580643,1.20509935299523,0.796324235714109,0.203034807912966,0.431290537533932,0.215780144205535,0,0,1
1.0016825351923,0.993644633309732,0.704894746390015,0.523139114894611,0.322045849230469,0.504313259363498,0,0,1
1.00295466220222,0.953467137202421,0.357657949532469,1.48421318223399,0.476256288349806,1.50789728263434,0,0,1
0.996627908796514,1.0699750971939,1.12417971702414,0.462289963255579,1.14821364946816,0.455556905833857,0,0,1
1.00208408906735,0.870480463514282,0.299625266363179,1.26421498611994,0.362891272752957,1.16597603910062,0,0,1
1.00261731511246,0.946369592742197,0.37279691035924,1.63914148935648,0.53170656771783,1.82276001049273,0,0,1
0.997439041536237,1.14083415828392,1.11929718486245,0.926689472367497,1.14269325592511,0.828621999006833,0,0,1
1.00120496525876,0.988830344359289,0.775629829747304,0.502369127492296,0.29728417764637,0.508988161176459,0,0,1
1.00066940772316,0.896140816562605,0.309087116879911,2.89406077704916,0.360426815892156,2.71569102777865,0,0,1
1.0054117687441,1.10288855685809,1.42184237443177,0.361734588272328,1.37071382540706,0.380637733898542,0,0,1
1.00074110502585,1.08131259059073,0.296738963367276,0.591004324552546,0.495796610006081,0.664898594076184,0,0,1
0.996006825181724,1.2180066846585,0.933554758556769,0.191393395481843,0.896361890986144,0.202195588620589,0,0,1
1.00448298927737,0.988250719762801,0.957807635387839,0.490914346102635,1.1162203347369,0.543644159430694,0,0,1
0.997513580109226,1.35584331159808,1.16822314379917,0.238589592968689,1.34004841806058,0.241066776016573,0,0,1
0.995828913834195,1.11030573647023,1.32742816648546,0.188325060906803,0.778194238713654,0.218697993306921,0,0,1
1.00527256317384,0.977489595375326,0.948077421776544,0.554643339498719,1.10346055942368,0.612506400287039,0,0,1
1.00426052190454,0.956742926953217,0.300886846432077,2.13801063829111,0.400474239880173,2.12286354798277,0,0,1
1.00274916904237,0.957202880696645,0.410461530555674,1.2999286072911,0.496749110030495,1.31926781210885,0,0,1
1.0018468553646,1.0406629076341,1.21530856276833,0.548197470281473,1.36616323072228,0.561503324650798,0,0,1
0.997906263832657,1.29999352145967,0.733348104129358,0.322334591170821,0.306392102968389,0.340667507841003,0,0,1
0.996490656675742,1.30943629012777,1.47794105071353,0.241688159111144,0.773223340076335,0.275504886876106,0,0,1
1.00211233007958,1.12542462692963,0.381769537277081,1.13055571087975,0.468350508139203,1.12924048599695,0,0,1
1.00286264518579,0.975815163405076,0.411473484529778,1.5310763521899,0.502679570512034,1.56689649687816,0,0,1
0.997750682347255,1.2352783179885,0.576168704591488,0.259953888995023,0.756077676603197,0.291526976908791,0,0,1
0.998769135484723,1.16818125593991,1.12582379440534,0.741478023627058,1.18881183215984,0.700108231165198,0,0,1
0.997320300052504,1.15153222136559,1.12189479028369,0.67875286143359,1.19232962555462,0.64903566376515,0,0,1
0.998220920781313,1.11643767730703,0.931676880880875,0.334645143384657,1.07943210503087,0.381279084516016,0,0,1
1.00069806766782,0.964567726523805,0.45957267727296,0.843022826093684,0.527461975237529,0.812450200112625,0,0,1
0.994597160107387,1.10442644822059,1.38584570568401,0.207603931544147,0.775687796937136,0.241066776016564,0,0,1
1.00060411473805,1.29742506104124,0.604296853001949,0.439996392227995,0.315450478182536,0.445235576112234,0,0,1
0.997396849912972,1.16067184684126,1.0976271923683,0.516650121270036,1.13938158188514,0.519031527954061,0,0,1
1.00089793317107,0.823254494606246,1.34989067372043,0.582530434780732,1.3770152709726,0.541170313506614,0,0,1
1.00322671630687,1.18604820951252,0.319810547465541,0.743655874188175,0.459005090324198,0.819135065444097,0,0,1
1.00323787099959,0.812912918597528,0.300447637815695,1.67989339222833,0.405390213524375,1.71610359934022,0,0,1
1.00851765901054,0.829637496777445,0.340780116644882,0.696315246560972,0.338729015764727,0.785723592490831,0,0,1
1.00828692265337,0.951829242326944,0.427675643356285,2.05434935244492,0.547109423097836,2.06628665157071,0,0,1
1.00269554307007,0.940683638343264,0.398712530855951,1.14236086900893,0.487503685143677,1.14865118543621,0,0,1
0.999964341985683,1.11471630963169,1.11856753218771,0.132771062598124,0.793730044562668,0.158314000574458,0,0,1
0.999738837688009,1.13250986898577,0.230479749916867,0.366297149950209,0.42688665601282,0.382578752728982,0,0,1
1.00629548660732,0.963294506454977,0.187344640231293,0.189012534689494,0.293886480650527,0.199249069972897,0,0,1
1.00173585981339,1.24282856519389,0.374058490428137,1.40674902867269,0.488578572653811,1.39720335487162,0,0,1
1.00112517304935,1.01148603406977,0.406373194665479,1.2967910793395,0.461955752393754,1.19285378246467,0,0,1
1.00135639293351,0.893382318194665,0.365233015566559,1.30139399533404,0.46654839771022,1.29049403297329,0,0,1
1.00446554551214,0.91960212070648,0.321703680566915,2.36461449848371,0.392478914762021,2.43078109357537,6.73287809808167e-06,0.0122796791718078,1
1.00690488780174,1.00806363304984,0.311610277017706,1.55548020351031,0.479952973641007,1.68746743211607,0,0,1
1.0008406296583,1.03547141841809,1.44407561077611,0.547289143640966,1.5145608183638,0.5699818682937,0,0,1
1.00422930135768,1.02843573068536,0.351713752100669,1.32357410753721,0.42423948106482,1.27108078551347,0,0,1
0.998547385706896,1.24228260023534,0.570234191141713,0.232392460683798,0.747962657253124,0.258285831446323,0,0,1
1.00299255106782,0.925924548953496,0.352984155214133,1.52285574868799,0.467409664963003,1.53434105647142,0,0,1
1.00549232351251,1.03456560526824,0.243804796667536,0.716153073037296,0.399816472069467,0.787389213217738,0,0,1
1.00008576713559,0.949333450209641,1.05245524909026,0.504628288217335,1.17104836418011,0.5355129246997,0,0,1
1.00823251183243,1.07849311269309,0.333057138188965,1.67632428306593,0.422654351627382,1.62843067064264,0,0,1
1.00116333844664,1.05125420391446,1.2464771936464,0.646997627993787,1.29401185567665,0.664979771860952,0,0,1
1.00653489421942,0.866931691284191,0.335580298326761,1.9428009713167,0.428199379564185,2.05152746120235,0,0,1
0.997323363023953,1.19288601051119,0.762625151648597,0.365554640251295,0.816736700947785,0.373330927428682,0,0,1
0.999011459266469,1.11379726221957,1.15392278803823,0.189228682972372,1.14508647579984,0.223480619727881,0,0,1
1.00562079242779,0.981311350084635,0.396766931668294,1.46562178537927,0.446682806020193,1.36276524401212,0,0,1
0.997491815780856,0.989227841982453,1.18903921493598,0.164224005549871,1.390569783707,0.201708935034275,0,0,1
0.999675933935388,1.11361602292985,1.14467875061551,0.141965125644601,1.14840013237289,0.179744356449363,0,0,1
0.994773163822177,1.25243075587673,0.762059582644167,0.356973505304383,0.857874637634998,0.373854915048048,0,0,1
1.00115910511153,1.03208609122273,1.24328715789858,0.647600323772193,1.29137539505976,0.676462891883268,0,0,1
1.00294777882237,1.04483110649986,1.22876369930768,0.467263303311609,1.33314398564207,0.497113932182387,0,0,1
0.998326061238119,1.19350165907693,0.850996985998518,0.365319050293276,0.251693087356628,0.414693111989221,0,0,1
1.00361242159871,0.937059532282972,1.78053652484732,0.258598717995704,1.43260810826471,0.266735491600563,0,0,1
1.00559902809942,0.911154852920697,0.341888198671249,2.62138695651348,0.444218349159392,2.59023790964758,0,0.00612502204129635,1
1.00728576354825,0.908152045649021,0.269347344709637,2.09153214615432,0.388768069791368,2.18682003957899,0,0,1
0.99760831644257,1.17347090742344,1.16187427824313,0.461838364733872,1.24043884081163,0.445182326014667,0,0,1
1.00280289285808,0.917679367492749,0.28986768688018,2.8707012960208,0.359923473667495,2.80715298331341,0.0055662429702,0.0330844615944296,1
1.00214938205246,1.0072446856121,1.24959505824307,0.563939037926034,1.29815265142696,0.531330853261029,0,0,1
1.00441287220314,0.902146431105854,0.867336297367097,0.467883487510079,0.906920124774793,0.580528154488925,0,0,1
1.00852633026546,0.996325386442607,0.300886846432077,1.37266480110571,0.404170925171374,1.39966321993302,0,0,1
0.999538902799882,1.17722783726601,0.804645307458449,0.295142505622468,0.280857488384666,0.314303597985379,0,0,1
1.00185556361943,0.817248880063082,0.264931814468495,2.04505365401759,0.399858125664973,2.13762273835114,0,0.00612502204129635,1
0.996044487944114,1.21744119462483,0.937984781225363,0.185913968547017,0.897062297331588,0.196789204911485,0,0,1
1.00533132275361,1.03733133109761,0.360343525013617,1.81428493544443,0.484902988696832,1.88793195381241,0,0,1
0.994745797513331,1.11873142553213,1.38182774145492,0.208214355450903,0.768971671089756,0.243974366892796,0,0,1
1.00174174390703,1.04172093472107,0.299981756068708,1.80141761743672,0.405858713462909,1.83901360686079,0,0,1
1.00459428149853,1.05920572626647,1.24408373242377,0.786322168022858,1.32583716854527,0.767745964358407,0,0,1
0.998112099139452,0.824892389481745,0.382258760875972,1.07520245143048,0.454076176602596,0.996245349864454,0,0,1
0.998797675483172,1.10770223797147,0.917168710088552,0.39041933394879,0.235971744421702,0.457534901419238,0,0,1
1.00220055128338,0.989363682797186,0.473857685729756,0.538989972776684,0.569811573420598,0.57044303202984,0,0,1
1.00172385469741,1.04130238673072,0.349560531505616,2.21035529949408,0.460268846412936,2.27020370034074,0,0,1
1.00077169760685,0.974201036606453,0.55881352114465,2.22289294629468,0.692089186699639,2.19427982318884,0.283987570533452,0.925433737471019,1
1.00177185809381,1.11095825215064,0.431781530410211,0.622171889195531,0.611805368455497,0.654576244530766,0,0,1
1.00351338357063,0.921130339184916,0.39737672334899,0.773361569001939,0.46265011738881,0.741408147876941,0,0,1
1.00159439167898,1.24228260023536,0.355134789394673,1.34167913968118,0.456540633463397,1.34800605364374,0.00556624297035246,0.0551251983716671,1
0.999853245409214,1.21907908950024,1.19597790531492,0.244786725253591,0.494739714805814,0.305023267612813,0,0,1
1.00076434368767,1.15415899911139,1.10620303418021,0.472500259664063,0.267636513328895,0.53426770636316,0,0,1
1.00359667369478,1.12726890048488,0.912916384679147,0.161109980512056,0.590390678259801,0.201629745719432,0,0,1
0.996125663580295,1.10701701018285,1.35552397130636,0.30485601894068,1.42386722094433,0.317870634067905,0.00363731952106432,0.0300184464949063,1
0.996316542048775,1.11862153714093,1.15056102283461,1.29829921368685,1.19156489219732,1.2028740150215,0,0,1
1.00202967824641,0.987043982148569,0.476246476008843,0.567037604068474,0.568673420629846,0.600207074980073,0,0,1
1.00027764981247,1.12080539697476,0.433983543700773,0.443094958370446,0.639526555377877,0.489513147217336,0,0,1
1.00347857497319,0.908914483526059,1.04860716497007,0.300277932867063,1.20689152072622,0.334591381757813,0,0,1
1.00440199003896,0.961110646621038,0.790379913164344,0.505066281219453,0.607488616187462,0.595287344857289,0,0,1
1.00239962350834,0.935931901835582,0.696235084046972,0.557617270538006,0.330415004250595,0.531329032825715,0,0,1
1.00187732794781,1.07003065583665,0.298363686294281,1.65153575392631,0.412180409968978,1.73174500322115,0,0,1
1.00061499690224,1.2111625976023,0.616281863656476,0.2045053654017,0.889668926749185,0.245986506139363,0,0,1
1.00520727018872,0.882764675080025,1.2060705458661,0.669290286769396,0.613033644124265,0.824054795566895,0,0,1
1.00395915716142,0.890730350730354,0.347870739768535,2.54955101144543,0.463696191292597,2.59931063336961,0,0.00612502204129635,1
1.00087416716151,1.02266431783052,0.930231624493312,0.160372806245785,0.800836465408434,0.208824726668315,0,0,1
1.00403144047236,1.09920992935837,0.432193188784785,0.707313040325077,0.467280759791553,0.654592472663008,0,0,1
1.00004642145533,0.813425323439049,0.299556209825832,1.05968054068656,0.397312229104987,1.0485625031837,0,0,1
0.999080611752016,1.04437030278839,0.345672938877941,2.28674181312871,0.452227833956995,2.33441194326263,0,0,1
1.00471757280035,0.963840471413475,0.497693337180102,1.46252321923683,0.494123600590613,1.66040891644075,0,0,1
1.00348969704288,1.01261982680913,0.943930874452574,0.49902121476651,1.09738544739564,0.554045218211522,0,0,1
0.998966165835369,1.15080743872332,1.09397076027345,0.413801030844418,1.18231649407044,0.405033429086323,0,0,1
0.998329742423172,0.938999065802884,1.58832930674207,0.244786725253613,1.64748941144551,0.255825966384951,0,0,1
1.00209497123153,1.01516117750998,0.475615685974394,0.371827937094076,0.548341651528237,0.378819219454621,0,0,1
1.00221467503758,0.905695203335859,0.350088469119083,1.67322571692346,0.454076176602596,1.64564972607238,0,0,1
1.00291733465489,1.15303364060146,1.09644671113424,0.189474995360141,1.250126978828,0.202347761887176,0,0,1
1.00502492803514,0.904004468248016,0.343982617901987,2.59623801355393,0.451037318970662,2.59341416648052,0,0.00612502204129635,1
1.0042157805093,1.04257394198116,1.25067337741827,0.580643464296028,1.28886623152333,0.57588323920352,0,0,1
1.0048789415092,0.916539194178529,0.329045067688544,2.45775241896038,0.411289494506158,2.48850516753226,0,0.0100221419253051,1
1.00362539105382,0.973381305359044,0.352437850387796,1.40840915056487,0.486718224032961,1.46544458161539,0,0,1
0.999924522193542,1.04899703357646,0.286171238602422,0.527574701887025,0.506741482637873,0.59930530954775,0,0,1
0.99659788648185,1.1103944803038,1.3601685629351,0.3018638670582,1.43275436072439,0.315346786703769,0.00498108980192919,0.0411084527602299,1
1.00147268001886,1.1490323443822,0.577670143804824,0.176077305888961,0.543378755199661,0.208659073834618,0,0,1
1.00438244086141,0.942265566456209,1.23083973884797,0.605389978519035,1.26234724033848,0.576227422674667,0,0,1
1.00248672914222,0.872391340869,0.353242419291327,2.48505004624562,0.481185202071408,2.60745696507734,0,0.00612502204129635,1
1.00352502969081,0.944331074230876,0.302566334958563,2.29285644997136,0.392272170261729,2.24427990331357,0,0,1
1.00742576169464,1.10033269667611,0.333359326693861,1.71046571433745,0.42700792998894,1.66702430739037,0,0,1
0.998397103461396,0.841872267246483,0.384949586309947,1.09887166025133,0.454748512282421,1.01601179393215,0,0,1
0.999369327241508,0.97323842946388,0.339098263909765,2.01662888100274,0.444638540253006,1.89854927876717,0,0,1
1.00291113354548,0.983768192397737,0.411905892495065,1.62984579092914,0.505213656464218,1.67270824174772,0,0,1
1.00409996518962,0.86435516648937,0.291884373202371,0.831745402925407,0.359204221303162,0.871477525195854,0,0,1
1.00494609824826,0.977762577854491,0.33053397805117,1.31379204439916,0.41772543790578,1.3283271331526,0.0278312148517623,0.0612502204129635,1
1.00385051782898,1.01063852836157,0.45092438476093,0.275901976692266,0.580336042856067,0.289421485948553,0,0,1
1.00124136454012,1.0517218736511,0.288081689428797,2.92389344143687,0.392084448977007,2.931639176315,0.000664886042762113,0.0209170081935847,1
0.996202765128061,1.07088285130052,1.35864071940363,0.277469929563355,0.751073695633022,0.329289092656731,0,0,1
1.00511370206477,0.948773533030696,0.396960585185904,1.82196181412023,0.538488604555755,1.92998731413611,0,0,1
0.997752987721319,1.02526152924174,0.418213792839553,0.610417530062797,0.487962458438611,0.587907749673082,0,0,1
1.00398092006582,1.03455064255137,0.358167505802741,1.36275685785912,0.500390743869397,1.43451127139199,0,0,1
1.0034443595906,0.954832049598566,1.46090971978342,0.247885291396045,1.40966932437821,0.277964751937479,0,0,1
1.00041911794689,1.02416959932479,0.899506589123986,0.151829740980061,0.764597741063531,0.191869474788697,0,0,1
1.0010939327972,1.16728782415364,1.13241694447557,0.663329747800054,1.18019179300894,0.628752487909171,0,0,1
1.0020405604106,0.895867834083369,1.14551470255902,1.24872215540767,1.1478207829181,1.08972022219741,0,0,1
1.0000504448115,1.2097531391453,1.18492192338288,0.326710746757941,0.425920524409242,0.390521597420029,0,0,1
1.00692665213011,1.10360750078291,1.43315495826767,0.368729370951644,1.36654132931419,0.388658679700218,0,0,1
1.00149085505255,0.898953730146279,0.243359310524307,0.801039998640544,0.364960227681773,0.801484751027808,0,0,1
0.994847449883666,1.0978748687189,1.34295198334149,0.312955180387479,1.39981149693501,0.32470218810395,0,0,1
0.997589755258529,1.31844471194251,1.71574889370073,0.303659481960172,1.1533658108549,0.314862727858373,0.0166987289111206,0.0245000881651854,1
1.0014964522013,1.26084540882354,0.335580298326761,1.96139236817141,0.459005090324198,1.95067299368521,0,0,1
1.00429662903875,1.05822745553878,1.2238372880191,0.455168567118073,1.35439589443532,0.479032907067353,0,0,1
0.998547385706898,1.05638153187478,2.0708836830954,0.210702497686627,1.40350818222621,0.258285831446328,0,0,1
1.00308760769867,0.72707994697121,0.281723138942274,1.79240730207274,0.411750099926338,1.87905509915065,0,0,1
1.00234526100781,1.09814785119806,1.13668364207673,0.176618270119653,1.16815255201971,0.209088530218467,0,0,1
0.999276402986102,0.8122596444205,0.566516902150538,0.704493403599681,0.599703265143643,0.876955788748496,0,0,1
0.998112099139457,1.14510083762697,1.12028310118107,1.02562539315122,1.12687289960129,0.902770477531489,0,0,1
0.997696478283858,1.12685537497085,1.12001541597379,0.92174647669586,1.1317098597138,0.821347789592593,0,0,1
1.00127918998239,1.1346775769712,1.49784379613913,0.327087349548814,1.47596595920323,0.334841131056202,0,0,1
1.00271869964822,0.980231185845138,0.456714036105476,0.695921943826482,0.570666644776245,0.762778492335868,0,0.0084923088670004,1
1.00020701426582,0.955297218914923,1.06485786661284,0.53373648114091,1.18047041163177,0.57313089351349,0,0,1
1.00062748416545,0.835529680500385,1.3495805229731,0.570480759403114,1.3780342336489,0.531494460110596,0,0,1
1.00353141690409,1.14073311795908,0.922845820398592,0.13323834412533,0.589005189731454,0.169730689236161,0,0,1
1.00051423297081,0.978133793824344,0.345108558518056,1.16098725547663,0.42282091310438,1.1349332193857,0,0,1
1.0006817873529,0.938084874771936,0.353171660389229,0.965649968395534,0.426042711649293,0.936268509767052,0,0,1
1.00357625532167,1.05760355818996,0.336701250158644,2.34209176224958,0.445989802285768,2.35803995812576,0,0,1
1.00441287220315,0.845639057903703,0.259885494192905,1.28590494911708,0.407251496247376,1.33078699821398,0,0,1
1.00177695609711,0.908228635216998,0.351665076954751,2.4437262096407,0.475151012115395,2.55055933813611,0,0.00484867861340193,1
0.999903954317278,1.13648691346222,1.16945861702446,0.424327343967744,1.16596070068807,0.421378510424118,0,0,1
1.00299749249888,1.00018262232858,0.462716516459472,0.408177565095651,0.575119847239456,0.431625387140836,0,0,1
1.00146099470652,1.12774699940753,1.25873509294165,0.637057274389614,1.30471844353534,0.613880150098805,0,0,1
1.00026676764829,1.13500048589514,0.326118447810029,2.95603209989811,0.468862917767402,2.89772104232179,0.00556624297035246,0.0845253041698896,1
0.997361229810623,1.24692330238238,0.972678233120047,0.306758048102615,0.502749199603417,0.339461378472318,0,0,1
0.996153309585984,1.05911135666721,1.11902152111217,0.536051942643946,1.1496691255637,0.519031527954052,0,0,1
1.00553971985089,0.911598321600459,0.340830404213546,2.60790958038568,0.441506241029559,2.5818589301821,0,0.00644599920954763,1
0.998241582887555,1.12327145581652,1.11757095703194,0.366127725387387,1.17178945892266,0.361019014440613,0,0,1
1.00264996160502,0.924803976882464,0.268085764640739,2.9839191951802,0.330237219347342,2.81900536035718,0.00556624297035246,0.0306251102064817,1
1.00274773083965,1.16856664234629,0.326637915433833,0.829735174517542,0.459116232390178,0.892795895502283,0,0,1
1.00180999081676,0.806131329343812,0.282754769777422,0.74096645554285,0.452361097629199,0.796926288538715,0,0,1
0.994797815169186,1.23615944535089,0.791346874108617,0.367288141554759,0.873878190090968,0.37574557860979,0,0,1
1.00372432177459,1.12770141841481,1.05271928754259,0.578893693060566,1.29358806363909,0.759155857168837,0,0,1
1.00259555078408,0.920163274735458,0.693869037893678,0.567037604068474,0.332701676208143,0.538710448445213,0,0,1
1.00216026421665,1.12544609912183,0.384151130979318,1.1712580018464,0.470095146197803,1.1733556342848,0,0,1
1.00001056026583,0.945634258521888,1.04476218419904,0.486573130375099,1.16520407991336,0.5121793441363,0,0,1
1.00692665213011,1.06866574344055,0.407490362253923,0.932668408877712,0.445450577589792,0.873252096794775,0,0,1
1.00378459991039,0.970885496030544,0.807295779640541,0.450310630534987,0.631842303819061,0.532753021657381,0,0,1
0.998373271079926,0.982403280001529,0.218253351919285,2.65547118408038,0.384455270284966,2.84360401097111,0.06623829134727,0.417114001012281,1
1.00083264018596,1.15574715431713,0.196806490748025,0.148731174837583,0.455924519248197,0.167270824174766,0,0,1
1.00242175318083,1.14029964781667,1.42266832837389,0.301037779549184,1.54421728237799,0.320853607957942,0.0195589098661491,0.161417792942175,1
1.00262819727664,0.937361170927401,0.40938273235727,1.05351248843326,0.490426915299412,1.05528211133791,0,0,1
1.00192217486646,1.12003394057742,0.385991259919863,1.14096034667804,0.471060371947891,1.14172864047923,0,0,1
1.00039735361851,0.964659418851149,1.08432806921748,0.579431868638328,1.19526157748852,0.632185320778179,0,0,1
1.0024323183213,1.06648188360656,0.328641607947824,2.45096581867864,0.434360521716187,2.44018614090254,0,0,1
1.0048036800505,0.737221957192235,0.294499124375183,1.95889403029341,0.416500493792858,1.99886902616442,0,0.0109911400189955,1
1.00217685222233,0.98401397210193,0.302319031546938,2.07938415319199,0.396277647227109,2.04839646315054,0,0,1
1.00539407429058,0.86424554179839,0.324121261453144,1.84781316762509,0.417473297464107,1.92398526022738,0,0,1
0.99928080971506,0.842963629269437,0.301846452438738,0.900848520053171,0.392041491745296,0.870070579792073,0,0,1
1.0037195434274,1.05248107792516,0.441264453910684,0.851579328736586,0.564468137752257,0.850962242925025,0,0,1
1.00242076371572,1.00754539916506,1.30844083687156,0.397362792589123,1.43179472790678,0.420452061682753,0.261349520865424,0.891786287799251,1
0.999211197722242,0.756100804713909,0.564557080831674,0.768444403327774,0.613649758339465,0.988865754680262,0,0,1
0.994659404173243,1.11041686459115,1.38416312498709,0.207859555393411,0.772875321995953,0.242284371794911,0,0,1
1.00253555306001,1.1582470075646,1.42783549996738,0.264457472790448,1.53651356988046,0.28374134840103,0.0221158227918713,0.179483496095506,1
1.00047352876782,0.987862929586286,0.343149778740146,1.20844079555581,0.422038237412182,1.18319509453037,0,0,1
1.00613362549202,0.916329997985278,1.02042164153889,0.276408539439591,1.02951292238148,0.328201765519132,0,0,1
1.00205985838338,0.943063954214916,0.416727634263366,1.03016685234925,0.493486422578505,1.02579708039626,0,0,1
1.00412993593431,1.09541802640572,0.428306433390734,0.904781313595637,0.568057306414645,0.915069802838456,0,0,1
0.997350347646437,1.29797102599973,0.763886731717494,0.17971683626213,0.496588057451414,0.191869474788695,0,0,1
0.999417958841771,0.872937305827475,1.03134170632378,0.436897826085574,1.30308156514856,0.479673686971785,0,0,1
1.00392642755198,1.02984243940576,1.25201876410977,0.592979904193855,1.28527439856967,0.578681397733401,0,0,1
1.00285404562591,0.97440466922618,0.411396795645769,1.51355928812246,0.502230142566069,1.54813045813555,0,0,1
1.00196027471637,0.647622360551598,0.925172546223353,1.1182893175584,1.0351139042911,1.1481827836047,0.724836416270746,2.24298470264821,1
0.998601796527827,1.25019909213329,0.681253237204702,0.306758048102608,0.386919727145767,0.312402862797,0,0,1
0.997633283915273,1.31953664185947,0.753794091166314,0.328448011099774,0.274786939979318,0.351760703779285,0,0,1
1.00693219085982,0.86585689314555,0.33219360767238,2.13356156473623,0.421142533334081,2.19416234260912,0,0.00219233593560313,1
1.00254053341975,0.82134618292218,0.320034506534406,0.68221034843891,0.405472598251061,0.6883709691452,0,0,1
1.00330857148464,1.02096923300861,0.35177802945871,2.34957678735463,0.435190545629312,2.30833677535066,0,0,1
0.997056856169692,0.951204458834313,0.294273504671864,1.31787366862286,0.40906370094404,1.32950335303587,0,0,1
1.00196072961806,1.05450215299908,1.15514469172084,0.556796422065355,1.16787666520046,0.528129975649974,0,0,1
1.00269814503509,0.948833956446078,0.410006510272186,1.19599412498976,0.494082506727801,1.20792275371023,0,0,1
1.00289107484719,0.901275238884792,0.313017094434193,2.28210501928236,0.395466716098408,2.27768530983828,0.00199180665411814,0.0288836049194078,1
0.999602955632937,1.15329031200408,1.31961275206689,0.433799259943096,1.37208635725099,0.437855980928072,0,0,1
0.999385312349218,1.10606434309596,1.16380761355803,0.278870952820555,1.1502852397789,0.305023267612804,0,0,1
1.00139536298571,0.859073402628883,0.466283491245054,0.553078518590739,0.392934153351977,0.527680587021909,0,0,1
1.00038501164576,1.17305900985369,1.0463224801728,0.196784541937118,1.22328555313649,0.216574755431213,0,0,1
1.00223228949043,0.865561394917868,0.452524174071137,0.390760114856498,0.391073800987038,0.376709288455926,0,0,1
1.00292253056237,1.1429719358634,1.12319161972706,0.261305571087716,1.25291132750862,0.266715055790695,0,0,1
1.00126792675339,0.803326773621941,0.27313208491633,0.746754440330632,0.477488516780206,0.819135065444102,0,0,1
0.998869206507408,1.13486878933195,1.78070254048997,0.268398372803775,1.41261842751163,0.290617461632862,0,0,1
0.998381403223228,1.14804756270022,0.933254995175653,0.366174858021454,0.313282050194451,0.423317991461557,0,0,1
1.00678824010047,1.09322163121001,1.44986979539538,0.363025122581798,1.37049392857818,0.38193462744166,0,0,1
1.00526168100965,1.08859346442487,1.24581031803638,0.536051942643996,1.30184933671816,0.56576896412056,0,0,1
0.999118767051885,1.03496984435852,0.344804060331101,2.2510449409511,0.451224868104389,2.27681035529335,0,0,1
0.996837988390041,1.32148062662383,1.33404749454871,0.218417911376223,0.679526166069951,0.284741686534647,0,0,1
1.00536022878621,0.883750668676196,0.336098487545748,1.95247367575125,0.43083127191828,2.022428510697,0,0,1
0.999744423767353,1.0528327596448,1.01620274549701,0.108449814985774,1.19279712062772,0.130372848253872,0,0,1
0.996610360481789,0.947734505138394,0.285747885605306,1.18675083255868,0.402322582525774,1.22501280057404,0,0,1
1.00202001967548,0.895956062930332,0.352205241836019,2.45787766223005,0.47721743576076,2.57004407470118,0,0.00528576565544642,1
1.00146380570875,1.12271627432941,0.762625151648597,0.309856614245044,0.73810482980992,0.317322592919791,0,0,1
1.00209813841248,1.12248358701818,1.32932217004345,0.217978296660967,1.56497166047668,0.255631981387307,0,0,1
1.00404303149114,0.907087440073649,1.22579712705324,0.618629820781941,0.630881551221875,0.760083997207228,0,0,1
1.00303849133503,0.928892912154621,0.356405523117526,1.41866957473203,0.473014983204681,1.44305581403349,0,0,1
0.995305655960536,1.12838129725353,1.1164314058544,0.591531859916935,1.19722121056281,0.578017904338409,0,0,1
1.00485319065203,0.943776853937105,0.283421319262441,2.07848796446258,0.391361755191795,2.11847432509988,0,0,1
1.00691576996593,1.03672679336971,0.25168522374507,1.94899810360157,0.344407846296949,2.14746219859669,0,0,1
0.99990283144116,1.21673406782746,1.19319786507689,0.265386621096676,0.477435044842809,0.326521927669349,0,0,1
1.00162035965605,1.07464190610253,1.25510787534151,0.607944126230415,1.30185453445669,0.578357943302882,0,0,1
1.00206059843258,1.05880445333908,0.306763555804814,1.77532124439821,0.401562899337591,1.78762393259573,0,0,1
1.00148575232428,1.01539033425355,0.310591984503563,2.96680731937146,0.386938222313519,2.83883196650736,0,0.0234448310327958,1
1.00186644578362,0.785855894950822,0.220145722022631,1.38815763181801,0.375213557056962,1.51773674287993,0,0,1
1.00431493272547,1.07794714773457,0.957539272293276,0.436897826085531,1.12379232852529,0.482133552033167,0,0,1
1.00184724353242,1.18327471143002,0.349360944630333,1.58112218504864,0.447322200731347,1.60174424283801,0.00556624297028562,0.0518907081189145,1
0.999842363245023,0.937361170927453,1.02755696611709,0.446193524512924,1.1521335824245,0.459994766480636,0,0,1
1.00160527384316,1.00069310611041,0.316025807258848,2.98082062903776,0.383223041854565,2.80916590011159,0,0.0245000881651854,1
1.0022394398946,0.96280195927498,1.03177772880663,0.194065257370974,1.20221445635174,0.221478497953756,0,0,1
1.00448020386816,1.03421417649564,1.43375656801294,0.342759892258246,1.56226075106016,0.360340367701361,0,0,1
1.00221619641501,1.03511654374954,1.21209065116048,0.311427218497339,1.36580314435098,0.343739409184608,0,0,1
1.00207791276807,1.05774386665192,0.307557126896968,1.78701578164589,0.400559818337685,1.79290305067686,0,0,1
1.00353141690408,1.06320609385581,0.391720611392704,0.501967715077047,0.449147262880994,0.445235576112265,0,0,1
0.999955787822149,0.981742427264117,1.08197997035289,0.399209401645119,1.17837372089054,0.405620873704742,0,0,1
1.00428532110168,0.952093251729374,0.286706804196223,2.0754428784948,0.391967235489781,2.10251942804026,0,0,1
0.996958589735736,1.27422155030612,0.236546262918299,0.347039407954505,0.30004762280253,0.319782457981175,0,0,1
1.00008132524578,0.94911496748428,1.05200087907494,0.503561909282375,1.17070318737875,0.534134790041039,0,0,1
1.00126322308442,0.815919306491363,1.34262652845376,0.60480063018261,1.37399606276212,0.564274448253634,0,0,1
1.00016969478963,1.13594105120814,1.39529941091196,0.279231773365244,1.49997507279526,0.296256863379258,0.0151451242803954,0.124991247053469,1
1.0062410757864,0.908698010607471,1.02944933622044,0.241688159111139,1.02028514037164,0.292723942305839,0,0,1
0.998694307301369,1.24030098202189,0.782107375702436,0.309903946238452,0.27816694102597,0.330905082781943,0,0,1
1.00398846779989,0.899689588792717,1.04269592694386,0.254082423680971,1.20881609022292,0.28534434712168,0,0,1
0.999100994158768,1.01033431966517,1.30953382200197,0.403582928159809,0.706643526291356,0.488536526459336,0,0,1
0.997883573691552,1.13854925812519,0.460476725147623,0.638304625344854,0.609953073048264,0.701061542497196,0,0,1
1.00038427917828,1.16333354479527,1.05214145531627,0.180481762676779,1.22795328873978,0.199491971453837,0,0,1
1.00193775868763,0.952645027826276,0.732544546664443,0.536447315296667,0.315948049620026,0.524650841683968,0,0,1
1.00125900662371,1.14749775242765,0.573267732644955,0.159981960583284,0.565600034515395,0.19255291746961,0,0,1
1.00366502176936,1.04686023726247,1.24775195041367,0.550358469420302,1.29995287792361,0.548101661371585,0,0,1
1.00279142973943,0.955378014557057,0.470569365698804,0.731261609618369,0.55635113632584,0.705981272620003,0,0,1
1.0082542761608,0.993595561650306,0.358919529601366,2.42307872339661,0.415260981044979,2.27783504685057,0,0,1
0.999309204140242,0.840510043981065,0.567502779629747,0.672323200225553,0.592687557424091,0.82066008768168,0,0,1
1.00203264455954,1.1054425603478,0.627000296041757,0.279094384446887,0.906244938012202,0.329582935688242,0,0,1
1.00085550143965,1.06516224148271,0.745351515465216,0.460643202063948,0.996108835511932,0.545919940077695,0,0,1
1.00295013466081,0.996916213003679,1.67878242652985,0.280437105457337,1.43253669455935,0.281978773008022,0,0,1
1.00318591563532,0.931274987651405,0.47405445887318,0.353308600265796,0.387855487627998,0.337632464003966,0,0,1
1.00040857316294,1.15356479221499,1.72275150121507,0.288371392514785,1.27014712344857,0.295646148540936,0.00983287415011141,0.0144266240189377,1
1.00499103740508,1.08547583177784,0.253289818532823,0.655105578977062,0.399966034096399,0.716574182048892,0,0,1
1.00057146824548,1.08913942938331,0.357657949532469,1.22083506012567,0.459621204539399,1.22747266563546,0,0,1
1.00159027499145,1.09527309281342,1.43184871787585,0.426304167428836,1.53475232616589,0.447149373117524,0.0105578026584785,0.0871325250289196,1
1.00444551869571,0.917433449943063,1.73278022463085,0.266476688250746,1.43739446406222,0.268125291691901,0,0,1
1.00546124559344,0.912185101284776,0.339430773695568,2.59007686553891,0.437917690079111,2.57077220602318,0,0.00687070311774736,1
1.00408951696891,0.951299508871158,0.381032412916572,1.06101941486723,0.470385552769061,1.06255269767593,0,0,1
1.00637166175663,1.035907845932,0.356396369463571,2.07603931544208,0.474407945704205,2.15730165884228,0,0,1
1.00363290884507,1.04323542135375,0.360733100488425,1.32753565314832,0.507250789574937,1.40451336258931,0,0,1
0.999744423767351,1.12899487135194,1.14172996235232,0.127041211840492,0.78616173859554,0.147591903683619,0,0,1
1.00033512181602,0.931927642697761,1.6356951489677,0.251898922117554,1.57859871642189,0.259858948040486,0,0,1
1.00063414579332,1.14696544167,0.762272185426689,0.294252051515442,0.749309340954936,0.307343349565554,0,0,1
0.997393876303182,1.21907908950016,0.626374504207657,0.151829740980076,0.596398560313858,0.162351094051964,0,0,1
1.00098499048456,0.996052403963361,0.40938273235727,1.31379204439916,0.460853432969799,1.19549441983733,0,0,1
1.00043822112709,1.29351235302452,0.61067274889929,0.428957492460571,0.321371760685235,0.434230283170871,0,0,1
1.00168755247267,1.12523434695427,0.360664585038863,0.769864503966357,0.452890061269052,0.738305585252906,0,0,1
1.00457661571863,0.883166859271701,0.300672226807464,1.43392995982496,0.404817958761308,1.44156416857553,0,0,1
1.004541029376,0.919065882308844,0.323018223353066,2.38096429875287,0.395837103542621,2.44076545348775,0,0.0118509276730524,1
0.998536503542704,1.25374786436331,1.078020168873,0.498869148934602,1.12995347067729,0.51903152795407,0,0,1
1.00286743719927,0.937107590307651,0.392389965198044,1.17440275819604,0.485466767613846,1.18552902017143,0,0,1
1.00124700804226,0.924598542501452,1.03268584366455,0.381108851730693,1.1713368583235,0.400825539163572,0,0,1
1.00213897272897,0.97284892748586,0.805839615978713,0.365029613805243,0.304067800952782,0.364051688545118,0,0,1
1.00426934746728,0.985608712918703,0.400444733367469,1.42135985598387,0.450813876029818,1.31400187682371,0,0,1
1.00719870623476,0.772206770988897,0.205637551230309,0.749853006473075,0.354265673740153,0.892931017285923,0,0.00612502204129635,1
1.00553140226072,1.03688310460226,0.355160544119818,2.10032179524683,0.471851791308875,2.17771279279593,0,0,1
0.99708917570598,1.20979768520615,1.17137709397142,0.486474884364706,1.24147014362854,0.457534901419207,0,0,1
1.00209161184099,1.05984443682354,0.298590555188398,1.69527694077291,0.41112785455539,1.76691226446203,0,0,1
0.999047965259454,1.1347275034159,1.71007178339069,0.288166651247904,1.82000139170159,0.314862727858384,0,0,2
1.00242143615711,0.671749218629636,1.75233471569876,0.257180989823413,0.840995903748364,0.314862727858389,4.95395624361742,9.02215746682952,2
0.999058847423633,0.784218000075356,1.52903504350389,0.350137974096946,1.67336620848392,0.400958005007173,0,0,2
1.00124616242502,1.22208189677185,0.256731544020661,0.625910360775053,0.388151955576167,0.646944511146542,0,0,2
0.995728905182729,0.720340099933813,1.02881854618599,0.684783117481591,1.20696774757732,0.723200328049744,0,0,2
0.996414481526445,0.693314834489296,1.5239887232283,0.81182432932209,1.63763158400231,0.883091557040345,0.306143363369638,1.08412890130945,2
0.998318860258995,0.755008874796937,1.28744246031,0.17661827011964,1.30492990779417,0.22138785552543,0,0,2
1.00205144257479,0.946915557700664,1.34736751358263,0.362532238666708,1.02090125458684,0.364060029086273,0,0,2
0.991365157344141,1.31080120252386,1.27987297989661,0.167322571692329,1.00365005656123,0.184489879604508,0,0,2
0.999853245409213,1.01734503734393,1.11082125066433,0.675487419054258,1.12995347067729,0.612506400287023,0,0,2
0.998144745632014,1.02635345915878,1.12154468124996,0.340842275669568,0.574218448566648,0.361600164024865,0,0,2
1.00153998085804,0.721432029850768,1.21174765617614,0.867598519886215,1.26734694066695,0.83635412087386,0,0,2
0.99901531876689,0.768385016279641,0.813088354404501,0.35013797409694,0.723318088645113,0.440315845989468,0,0,2
0.995163032645049,0.756646769672449,1.02818775615154,0.672388852911837,1.16815255201971,0.740419383479502,0,0,2
0.995609201376678,1.19232680653493,1.28239614003441,0.250983857538507,1.47867411648064,0.302563402551407,0,0.13475048490852,2
0.99663212481016,0.608417283446579,1.08432806921748,1.45942465309433,1.1582947245765,1.42180200548556,0,0,2
0.997143586526898,0.688947114821577,1.15497655307575,1.15576517113418,1.19895826277972,1.10939914268856,0,0,2
0.997110940034346,0.842363268152818,1.1013594001476,0.359433672524271,1.18109095053891,0.371439624270422,0,0,2
0.993149832270645,0.818886774938425,1.12091389121551,0.945062673447508,1.17492980838691,0.949507913697952,0,0,2
0.995358911600402,0.973121875707472,0.869228667470444,0.294363783532799,1.09052216090447,0.300103537490009,0,0,2
0.995348029436212,0.763744314132579,1.12028310118107,1.18055370027376,1.1478207829181,1.10201954750437,0,0.0122500440825927,2
1.00279142973943,0.751460102566875,0.57212656124506,0.241688159111118,0.6918962636699,0.29518380736724,0.851635174464561,3.31976194638262,2
0.995609201376679,0.981038367605358,1.1013594001476,0.783937234040047,1.13673072704449,0.755178573847854,0,0,2
0.998873850632476,0.995779421484157,1.15876129328244,0.839711424604177,1.1613752956525,0.715820732865555,0.0116891102377275,0.195388203117354,2
1.00395582130733,0.691949922093145,1.1530841829724,0.721965911191022,1.17924260789331,0.661703701514907,0,0,2
1.00119175160409,1.01598012494776,1.08811280942418,0.340842275669585,1.03568799575165,0.364060029086276,0,0,2
0.997002118392491,0.929717661508786,1.09505149980311,0.238589592968634,1.29014316662936,0.27796475193746,0,0,2
0.999570309140375,0.707509923409731,1.34736751358263,2.28364324698633,1.36284464402299,1.98265123948333,0.0445299437628196,0.706215041361469,2
0.997916220184108,0.807694493289734,1.13668364207673,0.433799259943081,1.33450339012378,0.48951314721734,0,0,2
0.997622401751088,0.827622214274046,1.47289473043794,0.210702497686625,1.42815275083422,0.250906236262132,0,0,2
1.0012679267534,0.811243265519782,1.17390025410921,1.86223825161296,1.19402934905812,1.68992729717748,0,0,2
0.996338306377138,0.930263626467233,1.09946703004426,0.678585985196701,1.11270227265168,0.605126805102847,0,0,2
0.997676812572013,0.992503631733377,1.03701881663382,0.492672016649687,1.21128054708372,0.519031527954076,0,0,2
0.998395035408294,0.884129587476121,1.14993023280016,0.818021461607006,1.17246535152611,0.76255816903204,0,0,2
1.0074054673543,0.75146010256688,0.972678233120047,0.322250878814843,1.21436111815973,0.373899489331844,0,0,2
1.00217114638083,0.967935208601938,1.23887162765744,1.05970962071817,1.25687299900854,0.942128318513788,0,0,2
0.99769857690039,0.762652384215591,0.464892255388764,0.371827937094073,0.556967250541041,0.376359354393225,0.261613419606818,0.630877270253524,2
1.00007088869294,1.03372398609811,0.621958973966515,0.238589592968656,0.778768368013137,0.253366101323543,0,0,2
0.993868055106919,1.20379207066288,0.329272397982273,0.446193524512912,0.230426716484899,0.450155306235028,0,0,2
0.997372111974806,0.783126070158436,1.20354738572831,1.02562539315122,1.21990614609653,0.922449398022626,0.205950989903041,1.32912978296131,2
0.999962067051076,1.17622084025992,1.33727487303145,0.164224005549879,0.949432005623611,0.201708935034266,0,0,2
1.00279142973943,0.827076249315596,1.38773807578736,0.694078815908954,1.44725229150543,0.708441137681393,0,0,2
0.995663612197609,0.71597238026599,1.16002287335134,1.05661105457573,1.17801037946291,0.94704804863656,11.1436184266555,7.13565067811025,2
0.997295936825505,0.95019134745155,1.22184029672732,0.4895734505072,1.28644648133816,0.487053282155947,0,0,2
0.999298255035737,1.14100610043837,1.33033618265252,0.319152312672358,1.43431389298622,0.327162053165339,0,0,2
0.99920031555806,1.0006931061104,1.08811280942418,0.399715032376119,1.29568819456616,0.413257330314146,0,0,2
0.995903019809704,0.776028525698207,1.48424895105802,0.216899629971502,1.46265514688543,0.265665426630517,0,0,2
1.00135498406689,0.951556259847716,0.205637551230309,0.418306429230818,0.316066592397736,0.420636925498317,0,0,2
0.99864532518457,1.1380032931668,0.502739657455692,0.433799259943094,0.51014257018582,0.53133085326104,0,0,2
0.998982672274333,1.01406924759311,1.25148742834642,0.37182793709407,1.29876876564216,0.359140298963469,0,0,2
0.997100057870164,1.0877745169871,1.19534711528047,1.69181711377813,1.20080660542532,1.47837890189761,0,0,2
0.993606883166451,0.98294924496009,0.882475258193869,0.164224005549886,1.13365015596849,0.214008260341248,0,0,2
0.998122981303644,1.14373592523072,1.09442070976866,0.319152312672421,1.19834214856452,0.346840973656499,0,0,2
1.00244997295613,1.07985533740686,1.35146095217672,0.234205440129863,1.06827352744795,0.294013054716097,0,0,2
0.996327424212955,0.869115551118098,1.13542206200784,1.31379204439914,1.14042741233569,1.14137738848667,0,0,2
0.999820598916651,1.04109451303755,1.01115642522142,0.297462349675293,1.22237060295733,0.324702188103965,0,0,2
0.995685376525985,1.11752960722398,1.18714684483264,0.312955180387465,1.1496691255637,0.337001513410909,0,0,2
0.998133863467822,1.21252750999849,0.333057138188965,0.498869148934601,0.422654351627383,0.504272337585705,0,0,2
1.00036470712595,0.759103611985576,0.238438633021646,0.405912164661069,0.39369698351297,0.435396115866688,0,0,2
0.996479774511556,0.857377304510972,0.905183699434025,0.22619532839889,1.07203873444846,0.238606910955195,0,0,2
1.00072381854409,0.711604660598227,1.29690431082673,2.24955901941933,1.32279722003497,1.98511110454472,0.0166987289109308,0.179463145809983,2
0.996915061078998,0.776847473135891,1.26094927886315,0.452390656797801,1.35606738765579,0.442775711050841,0,0,2
0.996403599362261,1.09732890376043,1.04269592694386,0.52675624421658,1.10284444520848,0.578068289427492,0,0,2
1.00007088869293,0.928898714071056,1.14929944276571,0.777740101755131,1.17985872210851,0.740419383479504,0,0,2
0.995696258690165,1.27940821741169,1.12532942145666,0.19830823311683,1.28952705241416,0.216468125402652,0,0,2
1.00566432108453,0.842636250632101,1.40287703661413,0.449292090655332,1.47682577383504,0.445235576112255,0.00556624296997277,0.0857503085781489,2
1.00087616884269,0.872118358389767,1.34295198334149,0.272673820535676,1.51440874096226,0.309942997735615,0,0,2
0.998765028990617,1.00096608858967,0.990340354084613,0.316053746529958,1.11455061529728,0.36406002908625,0,0,2
1.00046264660363,0.739175891001168,1.77188920676667,0.350137974096919,1.69308186337033,0.403417870068544,0,0.0428751542890744,2
0.992126908837164,0.724980802080822,1.19913185548717,0.458587789082675,1.34128064649098,0.447695441173643,0,0,2
0.997241526004574,0.768385016279609,0.847151016264736,0.139435476410253,1.06156479279006,0.164810959113366,0,0,2
0.994107462719017,0.948007487617677,1.15371497300685,1.15266660499167,1.1650719809437,1.02330386553976,0,0,2
0.98808962592415,0.627253074513982,1.01683353553146,1.69801424606311,1.1564463819309,1.9531328587466,0.545491811095236,1.88589428651515,2
0.998601796527825,1.27804330501549,1.28681167027555,0.145632608695167,1.49407697186065,0.177110284420357,0,0,2
1.00115910511154,1.13581943333282,0.294578946087589,0.966752636444651,0.399242011449772,0.98640588961885,0,0,2
0.996251249063653,0.899689588792666,1.0225106458415,0.46788348751005,1.11393450108208,0.501812472524294,0,0,2
1.00430405056128,0.958107839349508,1.15813050324799,0.610417530062843,1.22298671717253,0.629725455716794,0,0,2
0.998155627796196,0.689766062259305,0.970155072982251,1.00083686401164,0.480569087856207,1.16105630897783,0.0333974578223679,0.45325163105593,2
1.00507668421849,0.616060792865263,0.825704155093477,0.238589592968717,1.00488228499164,0.302563402551433,0,0.00612502204129635,2
0.996262131227843,1.0435513553507,1.11902152111217,0.492672016649618,1.20573551914692,0.504272337585682,0,0,2
0.999755305931544,0.613603950552074,1.35304462389267,2.23406618870709,1.37023801460539,2.00970975515865,0,0.0245000881651854,2
0.997143586526902,1.20570294801756,1.10829809052654,0.929569842735254,1.1521335824245,0.895390882347292,0,0,2
0.99883032197573,1.01270433519693,1.3095201115157,0.210702497686634,1.48791582970864,0.253366101323563,0,0,2
1.00037558929015,1.10169662342822,0.604927643036397,0.653797456057063,0.527393768211428,0.646944511146522,0.00556624297035246,0.0122500440825927,2
0.998329742423169,1.06648188360659,1.11145204069878,0.849007123031558,1.13365015596849,0.784696954584589,0.0278312148516357,0.165375595115001,2
1.00353141690408,0.644177988226657,1.23256372731295,0.988442599441791,1.28459813869256,0.929828993206822,0,0,2
1.0011808694399,0.75746571711015,1.1568689231791,1.16196230341911,1.19341323484292,1.07988076195184,0,0,2
0.997295936825506,1.12708399399732,0.815611514542296,0.145632608695164,0.629668727934673,0.194329339850102,0,0,2
0.996153309585981,0.688401149863043,1.57255955588085,1.55238163736786,1.78488288143517,1.65056945619517,0.31170960633999,1.52819299930344,2
0.998547385706902,1.13636539829135,0.403074832012782,1.61435296021685,0.521848740274625,1.66040891644073,0,0.0428751542890744,2
0.998503857050158,1.04054854807909,1.08243569911414,1.05351248843324,1.10654113049968,0.95442764382073,0,0,2
0.999091493916196,1.11398083499387,1.25464137851866,0.201406799259288,1.08004821924607,0.245986506139353,0,0,2
0.99553302622738,1.13090574870661,1.10703651045764,0.195209666974332,0.94758366297801,0.245986506139342,0,0,2
1.00058235040968,1.2826840071625,0.334318718257863,0.433799259943099,0.480569087856207,0.437855980928071,0,0,2
0.997785634213877,1.03699977584894,2.1005308147145,0.0960555504159426,0.885972241457984,0.14021230849943,0,0,2
1.00531609183058,0.976124682979162,0.797318603543281,0.412109296945982,0.39308086929777,0.38127908451603,0,0,2
0.998057688318523,0.748730277774562,1.06603515821847,1.41294616095762,1.13734684125969,1.39228362474884,0,0,2
0.997241526004577,1.19068891165951,1.15119181286906,0.542249074928889,1.18047483632371,0.509192067708482,0,0,2
0.994412163316215,1.04573521518464,0.880582888090522,0.309856614245064,1.1613752956525,0.388658679700211,0,0,2
1.01130128213288,0.758011682068606,0.679360867101356,0.247885291396064,0.940190292395607,0.334541648349552,0,0,2
1.00098499048456,0.751187120087683,1.39341518609739,0.824218593891908,1.43000109347982,0.765018034093433,13.3701156147983,4.09763974562726,2
0.994230722464857,1.25365936128136,1.30177144339034,0.181665186265103,1.01711719133673,0.209792548182775,0,0,2
0.994074816226454,0.774936595781241,1.06792752832182,0.734360175760831,1.18478763583011,0.745339113602265,0,0,2
0.993824526450175,0.731805364061737,1.48803369126471,1.59266299721973,1.55630450759587,1.5595544489236,0,0.0918753306194452,2
0.999581191304569,0.800050983871029,1.10577493038874,0.418306429230829,1.24763128578054,0.487053282155955,0,0,2
0.99930913719991,0.786128877430004,1.2836577201033,0.232392460683823,1.16938478045011,0.248446371200753,0.0111324859407049,0.147000528991112,2
1.00465227981524,0.665197639127955,1.66843964111707,0.173519703977245,1.25256019950214,0.216468125402645,0.403552615350743,3.40428725055251,2
0.993911583763664,0.867750638721886,1.35619857406492,0.514361979646831,1.3825602989094,0.491973012278722,0,0,2
0.997622401751088,0.933812398697312,0.502739657455692,0.353236540239358,0.594550217668257,0.346840973656505,0,0,2
0.999624719961306,0.774663613302081,0.492647016904511,0.650698889914686,0.563744506908244,0.629725455716794,0.0111324859409581,0.0490001763303708,2
1.0001797103348,1.27613242766077,1.55805138508853,0.23858959296869,0.390000298221768,0.295183807367235,0,0,2
0.995826844660398,1.36157594366209,1.00611010494583,0.36563080480918,1.1656880951589,0.413257330314147,0,0,2
0.997992395333413,0.95947275174561,1.10703651045764,0.932668408877689,1.1478207829181,0.875711961856137,0,0,2
0.998906497125035,0.728802556790146,1.6286998689468,0.371827937094079,1.77194448291597,0.428016520682497,0,0.0245000881651854,2
0.993759233465061,0.96111064662104,1.12785258159445,1.00083686401161,1.16876866623491,0.934748723329593,0,0,2
0.999091493916202,0.891227131936337,1.18651605479819,0.64140319148726,1.23161231618533,0.644484646085127,0,0,2
0.997132704362713,0.887132394747814,1.1038825602854,0.563939037926059,1.12379232852529,0.519031527954079,0,0,2
0.999091493916193,0.940090995719836,1.20543975583165,1.53069167437076,1.22853174510933,1.39966321993302,0,0,2
1.00107204779804,0.791861509494036,0.596096582554114,0.275772386678131,0.525545425565827,0.305023267612822,0,0,2
0.99375923346506,0.591765352213088,1.17200788400587,1.22083506012564,1.23715734412214,1.21763320538987,0.00556624297035246,0.0796252865368525,2
0.993421886375297,0.68730921994611,1.34610593351374,2.94363783532831,1.35853184451659,2.59269777470896,0.0166987289110574,0.153125551032409,2
0.997241526004575,1.10661030805453,1.10955967059544,0.443094958370457,1.1484368971333,0.435396115866699,0,0,2
0.988557558984154,0.699320449032533,1.09757465994091,2.24646045327688,1.30862659308537,2.3393316733854,0.0389637007924672,0.245000881651854,2
0.997959748840852,1.20078926339136,1.38016859537397,0.207603931544183,1.32895836218698,0.243526641077987,0,0,2
0.99805768831853,0.909243975565938,1.207332125935,0.926471276592769,1.22113837452693,0.811755470259916,0,0,2
1.00019059249898,0.886586429789341,0.239700213090543,0.300560915817735,0.37028464333536,0.309942997735608,0,0,2
0.997154468691086,0.955923979515533,0.434614333735222,0.548446207213766,0.488578572653811,0.511651932769885,0,0,2
0.998275331602246,1.13663838077063,1.19913185548717,0.182815402404578,1.32834224797178,0.21154839527987,0,0,2
0.998765028990621,1.15110645217015,1.0212490657726,1.21153936169822,1.13056958489249,1.38490402956463,0,0,2
0.99930913719991,1.19587557876505,0.557618390452738,0.39351790009127,0.667867809277089,0.432936250805288,0,0,2
0.996719182123654,0.719521152496081,1.29122720051669,0.570136170210909,1.3807119562638,0.587907749673088,0,0,2
1.00236702533618,0.970119068435931,0.227715202436016,0.45548922294029,0.352417331094552,0.44277571105087,0,0,2
0.993617765330642,0.873756253265127,1.37007595482279,0.353236540239368,1.47682577383504,0.354220568840666,0,0,2
0.995315382943654,0.84017940831901,1.20543975583165,0.743655874188181,1.22976397353973,0.705981272619978,0.0222649718818528,0.232750837569261,2
0.996490656675741,1.18359136719942,0.334949508292312,0.591826133208105,0.447915034450593,0.570688694243338,0,0,2
0.998003277497591,0.889316254581702,1.16885393383362,1.41914329324251,1.17862649367811,1.27421010180195,0,0,2
0.992779838688325,1.13063276622737,1.03701881663382,0.520559111931665,1.12625678538609,0.528870988199623,0,0,2
1.00568608541291,0.938453100844314,0.705223258513756,0.477179185937391,0.733175916088317,0.528870988199651,0,0,2
1.00545755996501,0.730713434144786,0.182298319955703,0.579431868638267,0.275403054194519,0.565768964120556,0,0,2
1.00355318123245,0.884129587476154,0.260516284227354,0.647600323772193,0.343791732081748,0.632185320778181,0,0,2
0.996044487944118,0.781215192803714,1.13163732180114,0.703374514336311,1.1490530113485,0.632185320778174,0,0,2
0.999309137199913,0.98404117487703,0.88689078843501,0.520559111931724,0.558199478971441,0.528870988199651,0,0,2
0.997910514471774,1.24486916877201,1.2971486995171,0.176441455705382,1.47672001537859,0.204286153967089,0,0,2
0.999385312349219,0.99059275437863,1.18777763486709,0.86140138760132,1.29199150927496,0.831434390751064,0,0,2
1.00234526100781,1.06347907633498,1.1530841829724,0.402813598518599,1.25995357008455,0.388658679700191,0,0,2
1.00049529309619,0.999055211235034,1.16569998366138,0.548446207213724,1.18786820690611,0.528870988199619,0,0,2
1.00016882817061,0.851917654926119,0.136881437475389,0.737458741903263,0.250142371371308,0.701061542497198,0,0,2
1.00127880891758,0.927260819195596,1.4930800115403,0.501967715077008,1.1582947245765,0.511651932769889,0,0,2
0.996915061079003,1.15793101415109,0.874274987746034,0.697177382051377,0.995640571763631,0.634645185839551,0.497622121549965,1.82586907051044,2
0.996708299959461,0.634896583932574,1.01431037539367,0.402813598518577,0.510758684401021,0.516571662892677,1.52515057387815,9.70754743325058,2
0.999831481080837,1.10934013284685,0.228976782504914,0.316053746529994,0.287725338498525,0.305023267612815,0,0,2
0.998525621378529,0.970119068435828,1.02061827573816,0.120844079555525,0.861327672849973,0.17219055429755,0,0,2
0.995609201376675,1.09405311400962,0.566449450935021,0.219998196114003,0.364123501183357,0.250906236262157,0,0,2
1.00318318765013,0.821616599730833,1.35746015413381,0.563939037926015,1.49407697186065,0.61004653522563,0,0,2
0.999309137199915,1.2723106729515,0.392351401427152,0.374926503236531,0.459621204539398,0.368979759209049,0,0,2
0.999265608543171,1.24965312717482,1.33475171289366,0.285068085105456,0.547725537313037,0.324702188103968,0,0,2
0.997132704362718,0.960018716704051,1.16569998366138,0.849007123031505,1.23962180098294,0.846193581119439,0,0,2
0.999842363245029,0.792134491973221,1.26788796924208,0.666191720626895,1.32402944846537,0.669083296699083,0,0,2
0.999690012946427,1.10988609780531,1.09820544997536,1.14646947270682,1.14165964076609,1.11677873787273,0,0,2
0.997165350855279,1.03754574080748,1.07234305856296,0.864499953743728,1.13056958489249,0.833894255812438,0,0,2
0.996414481526436,1.00806363304986,1.14488391252457,1.29829921368694,1.1545980392853,1.12169846799553,0,0,2
0.994444809808776,0.792953439410918,1.10514414035429,0.76224727104288,1.12132787166449,0.698601677435804,0,0,2
1.00344435959059,0.821070634772357,0.536171529281478,0.198308233116808,0.584076276009852,0.209088530218459,0.0222649718814098,0.367501322477781,2
0.995935666302254,1.0094285454461,0.308456326845462,0.619713228490172,0.369052414904959,0.573148559304729,0,0,2
0.998329742423181,1.12298925680873,1.14866865273126,0.427602127658148,1.23900568676774,0.428016520682476,0,0,2
0.995293618615285,0.749822207691421,1.1284833716289,0.870697086028678,1.17184923731091,0.826514660628276,0,0,2
0.98915607801438,0.738356943563544,0.931676880880875,1.10928667899741,1.12810512803169,1.16351617403922,0.0890598875266515,0.20212572736278,2
1.00000559570781,0.707236940930504,1.64131566963577,0.384222201663921,1.76948002605517,0.440315845989476,0,0,2
0.999515898319454,1.05419767204095,0.943031101500953,0.266476688250702,0.958057604636415,0.297643672428613,0,0,2
1.0018011527985,0.724980802080918,0.804888083956666,0.316053746529986,0.966683203649219,0.327162053165368,2.06507614200259,4.08538970154466,2
0.998329742423177,1.17130715563364,1.45523260947338,0.257180989823393,1.24331848627414,0.290264077244445,1.7422340497219,1.82525656830631,2
0.994227166525059,0.687855184904589,1.17074630393697,1.33548200739631,1.21497723237493,1.29142915723168,0.0500961867332354,0.330751190230003,2
0.997056529213416,0.998236263797295,1.04395750701276,1.01632969472388,1.12748901381649,1.0897202221974,0,0,2
0.993160714434831,1.03536188097356,0.777133322440919,0.232392460683779,1.08004821924607,0.295183807367219,0,0,2
0.995663612197606,0.599408861631745,1.7296262744586,0.300560915817696,1.6203803859767,0.314862727858391,0.974092519812944,3.77301357743855,2
1.00118086943991,1.23818786304682,1.31961275206689,0.26337812210824,0.433744407500987,0.317322592919766,0,0,2
0.998210038617125,1.18604820951256,0.324856867741131,0.994639731726728,0.418957666336181,1.01100454023281,0,0,2
0.995304500779469,1.00287696594439,1.08748201938973,1.05970962071819,1.1521335824245,1.05528211133791,0,0,2
0.993530708017159,0.979400472729951,1.08874359945863,0.972949768729524,1.13180181332289,0.954427643820739,0,0,2
1.00063676123061,0.943912750429055,1.85578428134836,0.288166651247882,1.43431389298622,0.349300838717902,0,0,2
0.998329742423171,0.684306412674591,1.35935252423716,1.13407520813705,1.3887214410614,1.06020184146069,0,0,2
1.00384699966547,0.763744314132548,1.14236075238677,1.01632969472385,1.17924260789331,0.959347373943541,0,0,2
0.998253567273872,1.21034365016467,1.25464137851866,0.275772386678107,1.3911858979222,0.305023267612827,0,0,2
1.00304171951571,0.876213095578319,0.508416767765731,0.291265217390378,0.362275158537756,0.292723942305863,0,0,2
0.998329742423183,1.0604762690634,1.24707189810527,0.616614662347649,1.32218110581977,0.622345860532581,0,0,2
0.998025041825974,0.870480463514279,0.862289977091507,0.207603931544151,0.617346443630667,0.233687180832391,0,0,2
0.99383540861436,0.608144300967342,1.20102422559051,1.79097123033658,1.24085402941334,1.6407299959496,0,0,2
0.996664771302718,1.16093382142273,1.41612362733755,0.300560915817712,1.32957447640218,0.319782457981184,0,0,2
1.00052793958875,0.805510633455841,1.2590569087598,0.81492289546454,1.30000099407256,0.784696954584591,0,0,2
0.994303341674362,0.672295183588025,1.29942747096452,0.241688159111119,1.33388727590858,0.273045021814704,0.823803959612857,3.00126080023521,2
1.00243231832129,0.899962571271967,1.14046838228343,0.945062673447535,1.17308146574131,0.907690207654284,0,0,2
0.998645325184565,0.83144396898335,1.26851875927653,0.294363783532836,1.37270247146619,0.302563402551421,0,0,2
0.995065093167385,1.21198154504005,1.1000978200787,0.545347641071275,1.17554592260211,0.538710448445197,0,0,2
1.00210585339571,0.647453777977542,1.32213591220468,0.737458741903315,1.34004841806058,0.661703701514917,0.272745905548409,1.61088079686094,2
0.996044487944111,1.05447065452018,0.469938575664355,0.179716836262156,0.587156847085854,0.18448987960452,0,0,2
0.997709459064574,1.22535768652262,1.22247108676177,0.269575254393211,1.34744178864298,0.295183807367226,0.0445299437628196,0.324626168188706,2
0.992997481972037,0.870480463514362,0.780287272613163,0.368729370951632,0.824360819937957,0.425556655621117,0,0,2
0.990124590626939,0.821070634772304,1.00737168501473,2.59349986123138,1.1576786103613,2.69109237716471,5.03744988817346,10.8437390219111,2
0.995565672719935,0.728529574310911,1.15813050324799,0.70027594819385,1.18910043533651,0.659243836453507,0,0,2
0.990646934507865,0.769203963717268,1.10199019018205,1.49350888066132,1.18725209269091,1.47345917177481,0,0,2
0.997502697945042,1.04491626774682,1.23004056717516,0.409010730803483,1.28151756761655,0.403417870068559,0,0,2
0.997567990930155,1.05365170708246,1.90561669406982,0.291265217390337,1.80398242210638,0.322242323042575,0,0,2
0.993313064733429,0.629163951868667,1.07865095890744,1.19294796484361,1.25748911322374,1.26683050661776,0,0.0122500440825927,2
0.997078293541786,1.20952470272696,0.306563956742116,0.148731174837617,0.614881986769866,0.174650419358956,0,0,2
0.999396194513398,0.973121875707493,1.23508688745075,0.694078815909006,1.26303414116055,0.654324106330721,0,0,2
0.998482092721774,1.17540189282224,0.950600581914339,0.297462349675291,1.27535642546455,0.378819219454627,0,0,2
1.00242143615711,0.867477656242726,1.18967000497043,0.427602127658224,1.22914785932453,0.509192067708494,0,0,2
1.00202967824641,0.872664323348205,1.33412092285921,0.98224546715689,1.378247499403,0.934748723329612,0,0,2
0.996370952869692,1.15683908423412,1.18840842490154,0.257180989823427,1.07080650601806,0.260745696507726,0,0,2
1.00039735361851,0.605960441133443,1.21174765617614,0.19520966697436,0.66971615192269,0.241066776016585,0.144722317229227,1.69663110543909,2
1.001420277052,1.1284489063935,1.09189754963087,0.898584181310737,1.11331838686688,0.809295605198528,0,0,2
0.998982672274337,0.89996257127187,1.10766730049209,0.712670212763677,1.1589108387917,0.698601677435787,0,0,2
1.00475021929291,0.892865026811748,0.440291444045261,1.12477950970963,0.53355491036343,1.10201954750438,0,0,2
0.996991236228297,0.857923269469392,1.50821897236708,1.06900531914552,1.56924290611508,1.06266170652207,0.907297604168398,1.13925409968112,2
0.996730064287841,0.972393922429535,0.611866333415334,0.478212041318172,0.741801515101121,0.475573911869423,0.00556624297035246,0.00612502204129635,2
0.999363548020844,1.15137943464942,0.796687813508832,0.223096762256439,1.04123302368845,0.282884482060287,0,0,2
0.999777070259908,0.81834080998004,1.16128445342024,0.774641535612736,1.20203883385572,0.779777224461811,0,0,2
1.00059323257386,0.557369559829216,1.96428016727356,0.486474884364743,0.824976934153157,0.575608424366128,0.150288560199896,0.189875683280187,2
1.00373817802361,0.856558357073247,0.697653778100371,0.260279555965841,0.560047821617042,0.349300838717896,0.0111324859409581,0.0735002644955562,2
1.00197526742548,0.744635540585937,1.13479127197339,1.09069528214268,1.17924260789331,1.04298278603093,0.100192373466471,0.153125551032409,2
0.997208879512019,1.16393662869428,1.30384300120567,0.560840471783595,1.32649390532617,0.531330853261026,0,0,2
0.998819439811541,0.80851344072749,1.12532942145666,0.235491026826263,1.21559334659013,0.297643672428643,0,0,2
0.994901860704584,0.79704817659954,1.12911416166335,1.10308954671252,1.1638397525133,1.03068346072397,0,0,2
0.996229484735276,0.984860122314739,1.1000978200787,0.179716836262141,1.35483515922539,0.211548395279855,0,0,2
0.997937984512475,0.638991321121216,1.08054332901079,1.71970420906028,1.17061700888051,1.82030014543134,0,0,2
0.998068570482713,1.36894647060149,2.09296133430111,0.390419333948788,1.53966942378547,0.472294091787596,0,0,2
0.994956271525518,0.730713434144807,1.11965231114662,0.343940841812019,1.25317631371734,0.349300838717899,0,0,2
0.995489497570633,0.732078346541002,1.37890701530507,0.777740101755142,1.05417142220766,0.880631691978941,0,0,2
1.00000559570782,1.04355135535067,1.56562086550192,0.464784921367588,0.367820186474559,0.499352607462918,0,0,2
0.994085698390636,1.03481591601515,1.14172996235232,0.430700693800655,1.17554592260211,0.413257330314149,0,0,2
0.997480933616668,0.711604660598242,1.17705420428146,1.1588637372766,1.18601986426051,1.05282224627651,0,0,2
0.998873850632481,1.16475557613202,0.972047443085598,0.353236540239327,1.22853174510933,0.373899489331817,0,0,2
0.999417958841774,1.18932399926338,1.62365354867121,0.244786725253591,1.70910083296554,0.253366101323543,0,0,2
1.00355318123245,0.692768869530911,1.80216712842022,0.316053746529988,1.73436151578875,0.364060029086266,0,0,2
1.00091969749944,0.993322579171022,1.16254603348913,0.319152312672402,0.500900856957816,0.312402862796992,0,0,2
0.996849768093882,0.942274855553653,0.316656597293297,0.520559111931731,0.39369698351297,0.514111797831268,0,0,2
1.00263907944083,0.765109226528706,1.37827622527062,1.24872215540768,1.41213378123901,1.15121684873224,0.12245734534788,0.655377358418709,2
0.995609201376682,0.81806782750075,1.03764960666827,0.554643339498646,1.14104352655089,0.548549908690779,0,0,2
0.996838885929691,0.948007487617713,1.17642341424701,0.861401387601338,1.18170706475411,0.750258843725076,0,0,2
0.989395485626471,0.70505308109659,0.702069308341512,0.384222201663903,0.181753693484078,0.4280165206825,0,0.00612502204129635,2
0.996686535631084,1.24965312717475,1.32907460258362,0.127041211840492,1.35853184451659,0.157431363929195,0,0,2
1.00507668421849,0.986225034710868,0.392982191461601,0.982245467156888,0.4627017756154,0.924909263084033,0,0,2
1.00540314914407,0.950737312410085,0.601773692864153,0.409010730803515,0.456540633463397,0.509192067708503,0,0,2
0.994303341674361,1.49997806063527,1.21553239638283,0.294363783532808,0.329004990916942,0.368979759209045,0,0,2
0.998329742423176,1.07276048062905,1.17957736441925,0.164224005549878,1.35976407294699,0.189409609727299,0,0,2
1.00209497123153,0.638991321121206,1.11902152111217,1.15266660499175,1.18663597847571,1.16351617403923,0,0,2
0.996806239437137,1.23627698569219,0.620697393897617,0.235491026826238,0.613649758339465,0.275504886876094,0,0,2
0.99408569839064,0.854374497239296,1.39972308644188,0.306758048102607,1.56739456346948,0.324702188103957,0,0,2
0.997002118392491,0.751733085046109,1.14551470255902,1.00393543015403,1.17677815103251,0.98148615949607,0,0,2
0.994074816226454,0.991684684295605,1.08685122935528,0.365630804809169,1.1552141535005,0.378819219454605,0,0,2
0.990897224284143,0.706145011013455,1.14172996235232,2.16899629971562,1.17554592260211,2.0687465166321,0.00556624297035246,0.0122500440825927,2
1.0001797103348,1.3285450636743,1.73908812497534,0.291265217390362,0.823128591507556,0.359140298963469,0,0,2
0.9980032774976,0.932720468780313,1.19282395514268,0.517460545789255,1.21682557502053,0.477213821910379,0,0,2
1.00126792675339,0.892046079374036,0.848412596333633,0.238589592968671,0.849005388545968,0.292723942305855,0,0,2
0.997328583318064,1.09378013153039,1.07612779876965,0.650698889914667,1.12564067117089,0.644484646085163,0,0,2
0.993596001002266,0.759103611985568,1.09946703004426,0.76224727104292,1.1619914098677,0.745339113602298,0,0,2
1.00025588548409,1.21307347495696,1.05341935752949,0.703374514336366,1.13180181332289,0.73057992323393,0,0,2
1.00601255033849,0.810697300561345,1.1310065317667,0.539150508786416,1.24208625784374,0.573148559304736,0,0,2
0.995609201376677,1.13773031068758,1.05468093759839,0.579431868638295,1.11331838686688,0.592827479795887,0,0.0122500440825927,2
1.00529432750221,0.836084671130413,0.348196099015737,0.418306429230823,0.290189795359325,0.423096790559722,0,0,2
0.995957430630635,1.11152399268076,0.935461621087568,0.247885291395995,1.22298671717253,0.319782457981153,0,0,2
1.00230173235106,0.931901521342656,1.19219316510823,1.21773649398317,1.21559334659013,1.1315379282411,0,0,2
0.996479774511556,1.10087767599055,1.17453104414366,0.470982053652515,1.21251277551413,0.45261517129645,0,0,2
1.00019059249898,0.836630636088917,1.27104191941433,0.52675624421665,1.44910063415103,0.521491393015463,0,0.0245000881651854,2
1.00284584056037,0.687582202425307,1.15749971321354,0.972949768729535,1.19033266376692,0.912609937777068,0.295010877428933,1.80075648014113,2
0.997023882720857,1.28131909476627,0.269978134744086,0.632107493059966,0.388151955576167,0.632185320778167,0,0,2
1.00083264018595,1.09214223665495,1.12785258159445,0.734360175760839,1.20881609022292,0.745339113602287,0,0,2
0.995826844660396,0.865020813929599,1.1789465743848,0.570136170210928,1.24208625784374,0.543630178567998,0,0,2
1.00171409548502,0.727710626873175,0.841473905954697,0.27887095282053,0.930332464952403,0.364060029086272,0,0,2
1.0036728850385,0.893956956728668,1.26662638917319,0.48957345050721,1.37393469989659,0.511651932769882,0.417468222776814,2.39488361814687,2
0.998873850632476,1.25702365411415,0.295209736122037,0.539150508786441,0.476872402565006,0.563309099059141,0,0,2
1.0025084934706,1.08859346442481,1.3650296345472,0.223096762256416,1.05601976485326,0.282884482060273,0,0,2
0.999417958841773,0.782580105199969,1.32213591220468,0.356335106381844,1.40474041065661,0.354220568840691,0,0,2
0.999124140408758,0.747911330336766,1.94346409613675,1.41294616095759,1.13611461282929,1.43902106091531,0.0222649718814098,0.122500440825927,2
1.0010285191413,0.932720468780371,1.21237844621059,1.51210027751599,1.24270237205894,1.38244416450326,0,0,2
0.999744423767353,0.7247078196017,1.19471632524602,0.322250878814883,1.24516682891974,0.3099429977356,0.0667949156442295,0.25112590369315,2
1.00131145541014,0.971483980831997,0.317918177362194,0.582530434780721,0.381990813424165,0.551009773752193,0,0,2
1.00153998085805,0.710785713160485,1.14362233245567,1.02872395929365,1.19341323484292,1.0159242703556,3.09483109151875,3.56476282803447,2
0.997132704362716,1.25893453146879,1.24896426820862,0.604220397777912,1.29938487985736,0.597747209918651,0,0,2
0.997361229810618,1.14455487266845,0.868597877435995,0.145632608695193,1.11208615843648,0.177110284420342,0,0,2
0.998329742423181,1.05064889981083,1.06666594825292,0.219998196113954,1.07511930552447,0.243526641077968,0,0,2
0.996229484735278,1.20624891297611,0.428937223425183,0.415207863088397,0.544644966237035,0.423096790559728,0,0,2
0.997905338019922,0.621793424929201,0.948708211810992,0.542249074928866,0.341327275220947,0.67646289188327,1.49731935902646,3.94451419459485,2
0.992518666747853,0.78913168470168,1.17516183417811,0.325349444957323,0.869953271862777,0.34684097365652,0,0,2
0.995500379734816,1.08122293748547,0.435875913804119,0.288166651247908,0.378910242348163,0.319782457981193,0,0,2
0.996697417795276,1.04846503997701,0.726670119685015,0.275772386678106,0.679573979365894,0.305023267612818,0,0.0122500440825927,2
0.998656207348752,0.90132748366816,0.568972611072816,0.229293894541377,0.744265971961922,0.258285831446341,0,0,2
0.995870373317143,0.907060115732067,1.06477357814957,0.892387049025821,1.08744158982847,0.826514660628277,0,0,2
0.99926560854317,0.756646769672373,0.458584355044276,0.613516096205242,0.672796722998691,0.806835740137133,0.0111324859409581,0.102287868089649,2
0.997491815780851,1.23245523098288,0.80804203412891,0.139435476410273,0.833602533165961,0.174650419358948,0,0,2
0.999940302722701,0.917160467463903,0.268085764640739,1.32928487511141,0.195924320433684,1.58415309953754,0,0,2
1.00020147466317,1.2032461057045,1.05468093759839,0.207603931544185,1.04000079525805,0.233687180832411,0,0,2
1.00563167459198,0.836903618568149,1.3391672431348,0.508164847361937,1.3961148116438,0.514111797831278,0,0,2
0.998340624587362,1.21307347495703,1.05278856749504,0.675487419054269,1.08990604668927,0.646944511146537,0,0,2
1.00268260809758,1.14100610043832,0.384151130979318,0.557741905641134,0.468246803552202,0.541170313506608,0,0,2
0.996806239437143,0.925349941840992,1.13920680221453,0.818021461606971,1.20019049121012,0.762558169032025,0,0,2
0.998220920781316,1.1098860978053,1.12659100152555,0.647600323772222,1.13180181332289,0.578068289427504,0,0,2
1.00066940772316,0.59940886163175,1.33979803316925,1.71660564291777,1.33758396119978,1.4857584970818,2.81651894300068,6.326535266455,2
1.00043000011108,0.8180678275007,1.03386486646158,0.223096762256411,1.25625688479334,0.250906236262155,0.116891102377528,0.373626344519077,2
0.99516303264506,1.17895066505235,0.282593935433061,1.31689061054155,0.334550018853744,1.19549441983732,0,0,2
0.997263290332953,0.706145011013484,1.05972725787398,0.972949768729528,1.12687289960129,1.04052292096953,0.318945722201474,0.676814935563247,2
0.998558267871084,1.05092188229007,1.43820127854326,0.281969518963013,1.6203803859767,0.292723942305838,1.00192373466426,3.37488714475429,2
0.999200315558056,1.35284050432649,1.42243152768204,0.164224005549873,1.63270267028071,0.194329339850105,0,0,2
0.997557108765969,1.20133522834983,0.116065366338579,0.229293894541347,0.409099838892977,0.273045021814699,0,0,2
0.991658975777168,0.907333098211333,1.37701464520173,0.312955180387453,1.45341343365743,0.32716205316534,0,0,2
0.992018087195302,0.646634830539753,1.84695322086608,0.272673820535651,1.52180211154466,0.292723942305849,9.8054936165818,5.10214336039986,2
0.996033605779927,0.767566068841917,0.970155072982251,0.616614662347731,1.14165964076609,0.792076549768778,0,0,2
0.999635602125494,0.976397665458385,1.11712915100882,0.340842275669589,1.17492980838691,0.337001513410935,0,0,2
0.99354159018134,0.793499404369376,1.1026209802165,0.82421859389191,1.13673072704449,0.799456144952946,0,0,2
0.99708917570597,1.04655416262233,0.432721963631875,0.374926503236528,0.489810801084211,0.359140298963471,0,0,2
0.996893296750631,0.929444679029548,0.980247713533432,0.272673820535605,1.17924260789331,0.295183807367216,0,0,2
0.998253567273873,1.11015908028452,0.672422176722419,0.192111100831936,0.910000695850794,0.221387855525413,0,0,2
0.998090334811082,0.74600045298219,0.924107400467489,0.216899629971552,0.927251893876402,0.255825966384943,0,0,2
1.00257378645571,0.701231326387266,1.45775576961117,0.46168635522518,1.55876896445667,0.528870988199647,0,0,2
0.994379516823662,0.749549225212177,1.10892888056099,1.74139417205739,1.14165964076609,1.68992729717746,0,0,2
0.999722659438984,0.983768192397778,0.725408539616118,0.176618270119669,0.92293909437,0.196789204911492,0,0,2
0.996882414586438,1.17785873513542,1.24959505824307,0.322250878814864,1.33511950433898,0.337001513410929,0.217083475844252,0.551251983716671,2
0.9987759111548,1.11862153714096,1.34610593351374,0.22309676225644,1.47682577383504,0.236147045893803,0,0,2
0.993432768539475,0.561737279497067,1.915709334621,0.591826133208125,1.79597293730878,0.644484646085151,12.257980269321,6.10909698398898,2
1.00050617526038,1.17895066505232,1.26284164896649,0.136336910267818,1.56739456346948,0.186949744665907,0,0,2
0.99572890518273,0.919071344818535,1.13416048193894,0.879992784455988,1.19834214856452,0.843733716058017,0,0,2
0.99789445585573,1.18086154240697,1.48046421085133,0.161125439407452,1.54028553800067,0.177110284420344,0,0,2
0.992105144508789,0.953467137202365,1.13668364207673,1.52449454208581,1.1515174682093,1.40458295005579,0,0,2
1.00135498406689,0.808240458248201,0.378474020669279,0.725064477333471,0.253839056662509,0.698601677435802,0,0,2
1.00083264018596,1.0984208336774,1.5239887232283,0.185913968547022,1.77194448291597,0.228767450709616,0,0,2
1.00377082451618,0.723342907205381,1.0767585888041,0.3501379740969,1.06033256435966,0.386198814638814,0,0,2
0.996142427421798,1.08313381484008,1.1543457630413,0.300560915817676,1.27966922497095,0.295183807367224,0,0,2
0.995500379734816,1.02608047667956,1.21931713658953,0.223096762256441,1.36284464402299,0.245986506139378,0,0,2
0.994629806599936,1.11398083499394,1.09568228983756,0.629008926917508,1.11578284372768,0.58052815448892,0,0,2
1.00582755354732,0.945277662825283,0.271870504847433,0.319152312672395,0.380758584993764,0.314862727858388,0,0,2
0.997154468691088,1.06184118145963,1.21111686614169,0.501967715077023,1.24085402941334,0.479673686971773,0,0,2
1.00083264018596,1.11944048457864,1.43189337819877,0.195209666974319,1.57355570562148,0.209088530218438,0,0,2
1.00182291712688,0.986225034710827,1.2060705458661,0.353236540239351,1.19957437699492,0.413257330314137,0,0,2
0.998590914363639,1.1805885599278,1.1789465743848,0.501967715077017,1.20019049121012,0.452615171296435,0,0,2
1.00318318765013,0.585213772711477,1.32402828230803,0.495770582792147,1.06094867857486,0.477213821910384,10.0637672904064,9.67753482524823,2
0.996849768093882,0.785855894950716,1.12154468124996,0.567037604068488,1.16938478045011,0.523951258076842,0,0,2
0.99423804868924,1.13008680126893,1.38395333558066,0.257180989823413,1.41274989545421,0.250906236262155,0,0,2
0.997742105557137,1.20297312322523,0.606820013139744,0.244786725253544,0.829905847874759,0.282884482060248,0,0,2
1.00084352235014,0.662467814335541,1.32655144244582,0.694078815908959,1.3887214410614,0.723200328049748,0.00556624297035246,0.122500440825927,2
0.999700895110613,0.868569586159623,1.80595186862691,0.545347641071312,1.92350857985523,0.60266694004145,0,0,2
0.997720341228757,0.838268530964357,0.326118447810029,0.684783117481645,0.442986120728991,0.68630235212885,0.00556624297047903,0.0673752424542598,2
0.994248930853427,0.99605240396347,1.04774224721945,1.23013075855299,1.12132787166449,1.31602780784564,0,0,2
1.00089793317107,0.982949244959955,1.34989067372043,0.594924699350527,1.43000109347982,0.67400302682188,0,0,2
1.00050617526037,1.20078926339129,0.946815841707646,0.334645143384702,1.11331838686688,0.39357840982299,0,0,2
1.00112645861897,0.973394858186737,1.17011551390252,0.102252682700872,1.32587779111097,0.145132038622228,0.00556624297054232,0.00612502204129635,2
0.999853245409212,0.756373787193193,0.328010817913375,0.536051942644007,0.377061899702563,0.501812472524317,0,0,2
0.995935666302254,0.909516958045267,1.05972725787398,0.275772386678129,1.1472046687029,0.270585156753309,0,0,2
0.99698035406411,0.729894486707195,1.15497655307575,1.77547839962436,1.19218100641252,1.64810959113377,2.93452329397264,6.56908613929033,2
0.99245337376274,0.851371689967646,0.8660747172982,0.427602127658191,1.02521405409324,0.42309679055969,0,0,2
1.00693753429429,0.870480463514338,1.16633077369583,0.412109296945968,1.26673082645175,0.423096790559725,0,0,2
0.998307978094809,1.11643767730704,1.07928174894189,0.802528630894711,1.10592501628448,0.772397629277596,0,0,2
0.998547385706898,1.12408118672561,1.1297449516978,0.297462349675251,1.17492980838691,0.381279084516013,0,0,2
0.99398775891296,0.962748541496536,0.305302376673218,0.585629000923212,0.178057008192876,0.526411123138248,0,0,2
0.997992395333409,0.838268530964342,1.25085663831197,0.833514292319263,1.27782088232535,0.765018034093433,0,0,2
0.999069729587823,1.11780258970325,1.06603515821847,0.399715032376141,1.18293929318451,0.420636925498335,0,0,2
0.995282736451098,0.945823627783814,1.26410322903539,0.219998196113988,1.44786840572063,0.231227315771008,0,0,2
0.999635602125495,1.10442644822063,1.17453104414366,0.873795652171134,1.18170706475411,0.769937764216236,0,0,2
0.99670829995946,0.970392050915164,0.109757465994091,0.529854810359096,0.2328911733457,0.551009773752189,0,0,2
0.997905338019924,1.13500048589511,1.60788379780999,0.114646947270651,1.36161241559259,0.142672173560827,0,0,2
1.0019643852613,0.896140816562606,1.13542206200784,1.24562358926522,1.19526157748852,1.18319509453037,0.0445299437629462,0.31850114614741,2
0.995239207794361,1.15602013679643,1.09315912969977,0.920274144307836,1.14227575498129,0.885551422101709,0,0,2
0.994466574137147,1.20925172024764,1.20922449603835,0.430700693800655,1.28028533918615,0.437855980928063,0,0,2
0.996370952869704,1.0552896019579,1.17011551390252,0.641403191487253,1.22113837452693,0.602666940041433,0,0,2
0.998645325184573,0.985679069752382,1.12469863142221,0.412109296945934,1.19464546327332,0.410797465252727,0,0,2
1.00151821652967,1.04437030278838,0.772087002165329,0.281969518963014,1.12132787166449,0.339461378472316,0,0,2
0.999265608543173,1.24692330238238,1.17705420428146,0.151829740980066,1.36469298666859,0.189409609727304,0,0,2
0.992018087195301,0.702869221262639,0.695130617962575,0.319152312672396,0.592085760807456,0.346840973656504,0,0,2
0.998895614960847,1.28377593707946,0.189237010334639,0.669290286769367,0.247061800295306,0.642024781023749,0,0,2
0.997154468691086,0.732624311499522,0.295840526156486,0.672388852911804,0.380142470778564,0.644484646085143,0,0,2
0.995543908391558,0.7181562401,1.20417817576276,0.514361979646839,1.25933745586935,0.511651932769886,0,0,2
1.00253025779897,0.79841308899567,1.6520391002214,0.281969518962981,1.60497753059669,0.334541648349538,0,0,2
0.994629806599939,1.01079345784218,1.09631307987201,1.15886373727661,1.11516672951248,1.03806305590813,0,0,2
0.993432768539479,1.08995837682099,0.814980724507847,0.198308233116833,0.985782744320427,0.22630758564821,0,0,2
0.995718023018539,0.834719758734211,1.20985528607279,0.743655874188187,1.36099630137739,0.7773173594004,0,0,2
0.999962067051074,0.957015909432482,1.21679397645173,0.536051942643965,1.27720476811015,0.573148559304726,0,0,2
