air_pressure_9am,air_temp_9am,avg_wind_direction_9am,avg_wind_speed_9am,max_wind_direction_9am,max_wind_speed_9am,rain_accumulation_9am,rain_duration_9am,relative_humidity_3pm
923.040000000007,60.6379999999984,51,17.0678521999997,63.6999999999998,22.1009672,-4.95889988239014e-15,20,1
920.502751175918,70.1388948683,198.832132717464,4.33736305616265,211.203341243256,5.19004536021938,-1.68937005489392e-14,5.92046003331086e-15,1
915.598867513279,70.0433043168619,177.875407186599,3.74558653772443,186.606695875868,4.58963242869943,-1.48202769528525e-14,6.46726230356065e-15,1
922.383131199391,70.8652634902659,36.174174777425,1.84727808422019,58.428632488304,2.52914207369889,-4.34006450570332e-15,8.41102210550903e-15,1
922.040000000008,68.5759999999982,58.3,9.55173379999964,81.8999999999998,12.5716028,-5.39234448621025e-15,6.72204367238566e-15,1
921.125625973344,68.8187718944117,71.7990922763454,2.57653776671461,95.4723335617642,3.48744358739647,-7.29020595746619e-15,7.36937461195747e-15,1
921.788228916267,71.6595722099065,217.405520149395,1.94644650607433,253.7580029795,2.71971165867612,-1.9965456309416e-14,4.73029676156348e-15,1
918.370000000003,63.9140000000021,53.7,14.4506323999997,72.0999999999998,17.0454827999999,-5.76526580781105e-15,6.27803069877569e-15,1
923.600000000001,59.8820000000028,192.8,4.29492479999986,203.5,5.18970080000008,-1.72802177067499e-14,4.94106544290988e-15,1
916.050000000004,87.1880000000045,210,1.56585799999975,109.3,2.59485040000009,-9.97307033345761e-15,1.46307118545359e-14,1
920.230000000008,67.3159999999991,153.2,1.23031699999972,136.9,2.08035419999992,-1.14471042082786e-14,8.19209907583491e-15,1
921.900000000008,65.875999999998,199,4.49624939999961,207.2,5.32391720000002,-1.6533983189515e-14,5.47287349814111e-15,1
922.360000000007,74.3359999999987,166.9,4.1830777999997,210,6.91214460000001,-1.60047126933349e-14,5.35862147051082e-15,1
922.928408958626,68.9214655643741,54.6661112123626,9.78740740018561,82.6213410869455,13.3346885608227,-5.33534462473706e-15,6.57661327639152e-15,1
923.018549964784,70.3305324254474,152.563542146049,3.05969603860007,181.274779995297,4.26903762495611,-1.5062836949836e-14,6.23427388630586e-15,1
919.090000000005,76.7660000000042,166.2,1.29742519999977,199,1.81192140000013,-1.62434802351839e-14,6.80006103127918e-15,1
917.800000000007,73.7779999999988,181.9,0.939514799999756,185.3,1.54348859999982,-1.48760753430899e-14,7.52755131179497e-15,1
922.060000000005,61.7540000000008,56.2,10.4241403999996,76.9999999999998,13.42164,-5.96723746526521e-15,6.13532575577413e-15,1
917.762580732122,82.0643341313781,110.257852368425,2.23450814584758,129.779879544535,3.20625448827962,-1.03566704634074e-14,9.01367150239255e-15,1
917.670000000002,43.8620000000032,192.9,5.83841339999991,206.4,7.27005499999999,-2.28107221937612e-14,4.08716404783126e-15,1
917.268305604765,85.6616297571617,266.493461913668,2.1580580573582,194.702511379885,2.82914005735824,0.0311741019374341,70.5266503719893,1
918.884691221881,72.8998777781224,163.515192901471,1.02657754315156,196.157263072146,1.48219381775001,-1.6012406973501e-14,6.30789727159255e-15,1
918.850336146547,74.0846394129739,69.4484491747872,3.41640548455698,103.058915228815,4.74852632177649,-7.55930137722084e-15,7.50614038322497e-15,1
921.408129860133,47.9703946135895,46.3114285067358,10.9984531533027,67.2328572398961,14.3854127858013,-5.65595967303628e-15,4.39155229194027e-15,1
927.610000000001,54.8960000000031,55,4.98837619999989,53.3999999999998,7.20294680000005,-4.29534106477498e-15,6.83700218176483e-15,1
921.87447840397,68.0938479498509,70.9086537312092,2.1465855504055,96.095303674428,2.89129467129145,-7.42532566008918e-15,7.26380277657171e-15,1
921.540000000008,43.16,52.5,23.5549781999998,67.9999999999998,29.8407796,0.0499999999999439,99.9999999999999,1
919.560000000006,78.4760000000036,179.3,5.95026039999971,192.2,6.9792528,-1.58395054239423e-14,7.4592176629868e-15,1
919.447816728082,61.5186601035223,53.1826479705229,14.4056268547679,72.1287417794152,17.6112667972,-5.67394001671153e-15,5.90699047328489e-15,1
918.122967314841,69.6873731003004,224.594883693272,3.65013424988658,242.077668495871,4.77407905580442,-1.97150557956816e-14,5.35260891303503e-15,1
922.711440670758,47.5211101642596,198.591949144401,6.11125372969418,215.425805071836,7.45194855312962,-2.05960994593e-14,3.35055379863895e-15,1
919.561332690639,69.1655206497223,137.144875638807,1.38289418539826,123.019030656538,2.03160678539849,-1.04638735591948e-14,8.64579979818714e-15,1
917.397349400783,79.2446779074118,97.2677643833464,1.11030681606331,95.5933601026117,1.54267607496276,-7.74247862899476e-15,1.00153838197076e-14,1
919.610000000001,70.2500000000032,119.4,3.40014879999983,162.6,5.07785380000009,-1.29857811954903e-14,5.84728823242785e-15,1
920.201585991788,57.8102370614031,80.480355234787,5.38511666984313,93.9702888378199,7.43525955266715,-7.4506028759202e-15,5.99452424158746e-15,1
921.933298402702,64.6182692196918,73.213445111374,3.81559198132135,92.0331936107824,4.7335009996688,-7.16651465374552e-15,6.90620811659652e-15,1
923.831559617844,50.0021229721108,198.889160321009,5.90643360032661,215.506794999173,7.16571754325801,-1.96875333791094e-14,3.43181990668433e-15,1
924.722874964884,61.1280828331963,40.6734357841525,8.57656546580097,65.4298273616484,11.4486504365738,-4.97811112202892e-15,6.25695624694951e-15,1
919.660000000003,66.9200000000044,105.4,2.21457060000001,147,3.19882420000003,-1.2625107052161e-14,6.05573090527237e-15,1
923.187782661949,56.5327437544117,50.0936937817427,7.695570649194,56.9979578933885,9.427236293392,-4.50413427260499e-15,6.42546558301498e-15,1
919.900000000004,56.0480000000004,58.8,3.86990619999965,70.2999999999998,4.54098820000001,-6.21316574370137e-15,6.50809546635947e-15,1
921.700000000002,53.5640000000029,48.2,5.25680899999993,64.3999999999998,6.80029759999997,-5.61084392280973e-15,5.94794784536439e-15,1
926.177368159632,66.0685681125077,56.8207787652322,16.9966739830754,69.3013096344281,20.4969782925955,-4.97852305429469e-15,6.44929213853284e-15,1
921.574114667945,75.2506105283773,225.302206860738,1.96329605258644,251.344776726157,2.64866198779931,0.0357430134580759,268.072600936094,1
918.320000000001,55.4540000000046,47.9,6.46475660000005,63.5999999999998,7.85165940000003,-5.90700296801412e-15,6.25391188245688e-15,1
921.50730804902,73.1911562166272,165.548739531225,3.39092492734563,206.179194536566,5.57799239342466,-1.5958076943757e-14,5.47663221975122e-15,1
920.770000000003,70.7180000000018,181,4.40677179999964,188.2,5.07785379999991,-1.51941740529626e-14,6.60220189178974e-15,1
915.696838732208,86.2397505643284,234.18956637366,1.74295198948115,125.503025578804,2.50300398661276,-1.11250120675301e-14,1.44073336742276e-14,1
917.706223618098,81.4513334868714,121.881811604319,1.73464161254119,83.9506211613677,2.42770359673128,-7.42437895708894e-15,1.19094564738998e-14,1
917.700000000005,74.7860000000042,40.2,6.66608119999972,59.4999999999998,8.2990473999999,-5.04647185220466e-15,8.85614268690617e-15,1
919.903080864678,55.9646977750497,48.1055949174904,8.82866056291734,64.1345467854749,11.0341915835387,-5.44934995799907e-15,5.95196227618538e-15,1
923.610000000001,58.4060000000018,47.7,10.6030956,67.0999999999998,13.6229646,-5.24345634342338e-15,5.86538930237612e-15,1
922.170000000003,56.6960000000019,48.4,12.2136923999996,64.8999999999998,15.5914718,-4.79400607197856e-15,5.51958048468396e-15,1
919.477927109482,68.0600429854768,47.04658845067,10.567383294021,64.8812472957367,13.6928726045645,-4.57814490494907e-15,6.53411549330048,1
918.876744819334,77.0837052985856,183.377677205019,4.32486905886089,193.009675026549,5.06360032020859,-1.5196130388241e-14,7.25701270678307e-15,1
922.187875173526,56.8639740570783,48.3815990860793,12.298367980222,64.9026287019885,15.6890839272008,-4.79004683154796e-15,5.53459373536366e-15,1
924.050000000002,47.2460000000028,47.9,13.980875,68.2999999999998,17.8507812,-6.30120316619241e-15,20,1
920.590000000004,42.6200000000004,163.8,5.25680899999929,186.2,6.91214459999994,1.52999999999949,4310,1
918.391497701449,73.1685781257858,181.72075827229,1.63004495010442,185.877556678176,2.24738384978397,-1.4939427079023e-14,7.34326105759823e-15,1
920.930000000006,75.4339999999976,40.2,2.14746239999969,65.0999999999998,2.9751301999999,-5.0030138191992e-15,8.90073367960905e-15,1
922.698232022416,60.2747979524094,137.924941657862,3.30054566938873,147.139294048877,5.14677771895239,-1.2321388011816e-14,5.99232672251399e-15,1
922.902062345702,60.8101241907787,269.174877281988,1.9065627832765,232.723131038723,2.44973501114867,-1.92123312746484e-14,6.23961902463288e-15,1
924.39022649048,66.0990871543031,63.3111541948455,9.65017861462207,72.4516289182533,11.3160256843595,-5.55802317723151e-15,7.24279658285033e-15,1
918.140000000007,79.1059999999977,244.3,2.2816787999997,230.5,2.88565259999977,-1.94323664791386e-14,8.30434773758915e-15,1
918.309540582037,75.0523878135809,183.267714193869,2.01333741059029,187.579523656448,2.66530328257217,-1.49449301505451e-14,7.50720664169993e-15,1
920.627326967862,78.669444990175,95.5610917772642,2.90113595142739,124.866404925028,3.96854065400279,-9.97056055613123e-15,8.21329234535653e-15,1
921.126863363803,48.6142841615042,42.3551878002816,11.3135682005628,65.467142075848,15.0339001958855,-5.91795853426514e-15,4.56146843539714e-15,1
923.757467155187,70.9215008452814,195.458708709576,5.09049851588432,218.792178114992,6.46314964033472,-1.76848178336678e-14,5.55084364668698e-15,1
919.036412776373,74.2149877822083,108.755538297748,2.9244100127006,59.4756314899093,3.6183569662914,-5.46701010412949e-15,1.15298201778548e-14,1
917.807539483776,79.462199971689,126.24236151891,1.46576404160142,70.0017183329785,1.96225087040199,-6.52015219419942e-15,1.25560578414543e-14,1
920.480998146897,65.5192357016938,111.747920527307,3.77668494998369,52.2704786361386,4.58609913245164,-5.90182017223711e-15,1.09778373337733e-14,1
915.610000000004,69.314000000002,46.7,10.9162671999997,64.4999999999998,14.2045689999999,-4.60063170407137e-15,10,1
915.836125758104,70.5523365576692,178.217735796425,3.3373982121516,186.363765214366,4.14272100095854,-1.48341083496693e-14,6.61413589920547e-15,1
923.552178638783,71.0922902050108,197.67472301702,3.94286391572929,210.822423753478,5.16580706163705,-1.68705436722625e-14,6.09705374318855e-15,1
921.445510111165,62.9320805390363,65.0469386325537,9.1340180068764,80.481631795322,11.659020577022,-6.30977353016087e-15,6.55307525293004e-15,1
920.850000000007,57.3979999999999,47.5,9.12671519999973,58.8999999999998,10.6030956,-4.61451173799915e-15,6.20790885710883e-15,1
916.581503907027,75.2246624270228,177.443701348345,6.69002581522453,185.46776356291,7.53528201017721,-1.50367542633793e-14,7.09299004311146e-15,1
919.550000000001,59.0900000000016,49,20.8930196,58.4999999999999,24.6958176,-3.99821926677646e-15,5.31044427321022e-15,1
921.391319227805,68.2235076487395,199.189402415182,4.53861758386134,208.444644442625,5.40260097002896,-1.65899335350722e-14,5.74411390483144e-15,1
915.265390374797,80.313287450226,147.997702495813,1.38172148796053,145.486318749322,1.83871630646552,-1.22937986894398e-14,9.51449637313447e-15,1
923.054433023641,65.1635702241288,151.842543965489,3.54404549357852,181.171008101814,4.94376453848197,-1.41745217208896e-14,5.12515474621725e-15,1
915.101901435935,73.2116702592402,210.438988251519,1.35957033794873,126.306814469571,1.98878506315627,-1.22193658636268e-14,1.20309506973698e-14,1
919.710000000011,70.2859999999995,149.3,2.79617499999943,233.4,5.14496199999995,0.170999999999976,998.999999999999,1
923.780000000001,64.4540000000038,150.3,4.00412259999999,179.1,5.56998060000006,-1.3902916575631e-14,5.00185013165073e-15,1
922.850000000007,63.0859999999985,47.7,15.4348859999998,64.9999999999998,19.3047922,-4.64339027575475e-15,6.09070839284451e-15,1
920.527758707526,60.4333692233313,55.1938329513595,12.4827926426958,73.4278515123194,15.318981880856,-5.77338133250217e-15,5.91533828291566e-15,1
921.461165172355,63.1163285668898,65.0710233420771,9.38454163993955,80.626140052462,11.9970927915319,-6.27290727597287e-15,6.53739442559218e-15,1
922.754220659326,50.3109388907036,47.7712669970118,13.4503835366665,67.9999553544373,17.7612769681481,-6.02286158546714e-15,4.6534911159636e-15,1
920.63199768108,68.6195406743918,192.664515353402,3.95758809977007,221.738631737008,5.10617133743389,-1.7765541338287e-14,5.01686476864424e-15,1
915.710000000005,86.3420000000043,234.3,1.74481319999975,125.5,2.50537280000008,-1.11139535796666e-14,1.44224469367245e-14,1
919.862225167082,75.4080573448531,220.859705155394,1.64403621737496,159.964219741196,2.55576129131233,-1.38946698635139e-14,1.06483869039249e-14,1
921.565442356085,64.3435908061658,65.2314497785837,11.0532606948277,81.5886986715018,14.2489663548485,-6.02734393293143e-15,6.43294561549321e-15,1
916.867881511418,81.4521495515915,91.3408064689799,1.87667852069331,122.717129056572,2.65107369489963,-1.06049849658845e-14,8.94288192457534e-15,1
917.803773600584,77.0278834952153,178.478373614306,5.35293349865476,192.95315752022,6.3666098242615,-1.58869868780047e-14,7.23298600014831e-15,1
916.472388218545,75.9300744959887,177.855503260135,4.90010332538606,193.524122011543,5.90216862090893,-1.59229823019873e-14,7.06148104557252e-15,1
920.330595890219,72.2424906483282,149.918829133908,2.8153873761278,179.096480430278,3.96359576428042,-1.45304436118632e-14,6.43773908305178e-15,1
917.300000000003,73.6160000000018,147.7,2.41589519999965,175.2,3.46725699999992,-1.37516000760229e-14,6.64014627553591e-15,1
919.576336622174,63.601953964019,72.856680063842,6.08601331682519,85.6110705165402,7.38821970019052,-6.46081614819675e-15,6.80554342935885e-15,1
913.970000000012,72.8240000000013,219.7,1.49874979999948,125.9,2.19220119999981,-1.25759532274006e-14,1.24243813133532e-14,1
917.95583317506,78.383014441286,40.3989813583766,5.73771024954523,57.7944454996289,7.19263270562262,-4.68319241347725e-15,9.48254306532335e-15,1
920.042264327171,69.2287265250368,47.2157986444117,21.1806440675302,64.2189409489116,26.4491047532517,-6.01604401825222e-15,34.2315972888234,1
919.41380946788,67.5097331372936,143.692725669741,1.1099366099601,125.419517789875,1.77940322490086,-1.07833162702385e-14,8.57032832763875e-15,1
919.760000000004,54.2839999999998,214,4.20544719999965,223.5,4.92126799999999,-1.8646441327097e-14,3.74215436832477e-15,1
921.900000000003,78.2060000000019,50.7,5.36865599999964,74.4999999999998,7.44901019999993,-5.35780436614056e-15,8.79963709572754e-15,1
921.910250435974,53.6020940817993,47.6303716621386,12.127611779295,65.7978997275048,15.6058185701175,-5.07280177649267e-15,5.07554330372999e-15,1
926.762031681605,54.7048842977857,54.0243342529445,5.02689100710963,54.9782828261191,7.14517458933544,-4.48408975282471e-15,6.70944043716231e-15,1
926.550000000009,62.7619999999983,67.8,14.8309121999997,88.7999999999998,18.790296,-6.15691764793699e-15,5.44600397833757e-15,1
921.411886397116,62.0270778457749,63.2084384789555,8.24701686148146,79.1255376221459,10.4455476972134,-6.47800462587237e-15,6.58972609271545e-15,1
918.902090516716,73.5024959456654,177.328028519846,0.958510766316285,128.828393336886,1.43966807774561,-1.11335600480243e-14,1.04384452683945e-14,1
918.694866756975,74.6757729606172,36.5382674630024,2.64439972858378,69.2869350326644,3.47907585892002,-4.88564883010237e-15,8.25712159100823e-15,1
920.519457466033,81.3717456549996,159.72253539945,2.61443922261775,190.369373524138,3.53945482640635,-1.50931993734098e-14,7.4342441046256e-15,1
920.181294656663,58.9081093132379,57.9008854960288,9.39512067868864,75.7243358779782,11.7354312129776,-6.17370690229131e-15,6.01136061536754e-15,1
923.038403339722,60.6369984585466,51.0001209591126,17.0708015032212,63.702298223138,22.1049176428471,1.20959112478114e-05,20.0483836450144,1
919.707341804637,68.2772227126341,228.931265859008,3.95103064028138,245.824683313222,5.18327310091763,-1.98308932155301e-14,5.01627820143712e-15,1
922.821310351212,67.8133014399461,55.7576583162107,9.55524500042582,68.8572785042658,11.5588919773328,-5.27722342657958e-15,7.44881376054998e-15,1
917.600000000006,81.913999999999,90.4,1.67770499999982,121.4,2.34878699999985,-1.06919532359695e-14,9.12433163226251e-15,1
921.684817399329,61.053888614883,55.9590570454367,10.9939139003681,75.864126071344,13.9529152908841,-5.90108388422135e-15,6.03401862753384e-15,1
926.500000000001,71.1140000000039,52.8,12.1018453999999,68.5999999999998,14.8085428000001,-4.9427715267946e-15,7.53030022990272e-15,1
920.003890159198,69.3179127222215,197.605720695256,4.67085357364557,210.027917511371,6.04716036750342,-1.68437914170638e-14,5.82373934135611e-15,1
924.940000000007,57.1639999999994,53.2,14.0256137999998,69.4999999999998,18.6560796,-5.28370195790325e-15,5.43888514295542e-15,1
924.789567960167,71.2052067778848,227.901844054773,2.52280101237381,222.916570087138,3.37379875273929,-1.83396046876396e-14,6.80282933503406e-15,1
918.026453370531,73.441895523747,182.932945198882,1.36609383381884,185.856201260936,2.03227707625087,-1.48289310349694e-14,7.41617671041818e-15,1
916.98600648971,75.8438206680394,150.238951156932,1.30391353998874,142.624694429932,1.8890031960284,-1.20158505080976e-14,9.07445133153736e-15,1
924.100000000001,64.7060000000031,62.9,10.5807261999999,72.4999999999998,12.3926476000001,-5.5357657000043e-15,6.93079849414854e-15,1
916.630000000007,65.227999999999,188.5,1.18557819999975,225.7,1.83429079999993,-1.81096697457473e-14,4.43077801740019e-15,1
917.200000000011,74.1379999999992,176,3.06460779999951,191.4,3.71332039999993,-1.53250670278938e-14,6.86051032303128e-15,1
922.183846349228,54.7905884936955,48.073338652035,6.61114473472619,65.0839712790107,8.52863399787237,-5.51777631074839e-15,5.92703389268255e-15,1
913.320000000003,79.2140000000037,95.9,2.84091379999968,129.1,4.1159695999999,-1.01835325339027e-14,8.06356788840618e-15,1
914.131735948654,82.583152108425,120.810339578379,2.57708977715722,139.239546251363,3.39974345256872,-1.14362045721515e-14,9.03423355228915e-15,1
920.000000000003,68.0540000000015,197.1,4.67520459999959,209.6,6.15158499999999,-1.68686696062902e-14,5.66639428815939e-15,1
922.254438037557,61.7881104612469,282.270871067771,1.86689516905303,232.523138229986,2.42562610423395,-1.93885125078113e-14,6.90109731451101e-15,1
924.080000000003,60.0800000000046,54.2,18.9245124,72.0999999999998,23.5549782000001,-5.42837548175849e-15,10,1
925.630000000005,59.8820000000002,42.7,15.0993449999996,63.0999999999998,19.8863965999999,-4.11297500710335e-15,5.49409106855039e-15,1
916.737056519025,77.3766741097978,184.193505729432,3.33413799839239,201.332611747715,4.0483771568796,-1.75415601779891e-14,7.5601857134616e-15,1
921.510533859308,60.510215384615,45.9531176857407,20.7243810908015,58.4183037475449,25.5275498361496,0.00999999999971038,54.0152531229542,1
922.808445487987,60.0641812921094,136.52777021673,3.37898095784043,148.027201031069,5.26836437943519,-1.23574464880895e-14,5.8523996879962e-15,1
918.511139618963,77.6243996684317,127.561512312345,2.13071480864014,45.5852959492864,2.85819861224038,-4.96935443243198e-15,1.36448487677059e-14,1
915.300000000003,80.2760000000038,148.7,1.34216399999968,145.6,1.7895519999999,-1.23114460293116e-14,9.53303783135581e-15,1
923.833996226096,68.3998621887095,57.1257479247425,13.0978212402556,78.7034249062431,17.1683828151466,-5.12572861291048e-15,6.52191503138877e-15,1
914.106588093523,73.7672458534613,219.063026679298,1.50315661783458,124.809921946015,2.21864210701034,-1.24050287984982e-14,1.25692651990628e-14,1
920.535407098755,68.6893051794941,47.556514796693,13.0049285375638,65.8739408132281,16.7235315558342,-4.22677736397355e-15,6.92781685719758e-15,1
919.579752141584,68.568762969719,71.3236023112995,5.4425717359335,80.3827630010595,6.48347810341286,-5.98684398218771e-15,7.77928652904396e-15,1
922.918740487264,59.5288227739993,45.5093642977397,17.6829231863428,61.048718131809,22.0310657508253,-4.06180188332e-15,5.41219729867373e-15,1
923.156703325079,69.842222570737,197.226282040249,5.67667569344099,215.193406650147,6.9816905181736,-1.72781905359359e-14,5.53501251818872e-15,1
917.830000000004,73.0400000000037,145.4,2.81854439999977,38.2999999999998,4.16070840000005,-5.44350676617832e-15,1.42512624846942e-14,1
920.957021189952,65.2369571120893,75.1213018360105,3.89111664645436,92.484730811702,5.18746680903646,-6.88709503030672e-15,6.9422725944531e-15,1
923.994653249524,71.8625589486349,227.537589676848,2.99423245476018,227.539024506414,3.95725919696786,-1.86533738077303e-14,6.59479817481866e-15,1
920.51896808046,68.6617068374784,55.4163053338457,15.9571619786025,74.7051171775554,20.6446668361677,-5.07804798215564e-15,6.54974489040396e-15,1
919.643997739732,64.2371580326913,88.58946569011,16.0476746943063,112.331312867806,19.9542340135642,0.51019614495046,1510.90678732505,1
918.78140784203,75.2646835998934,291.543217203588,2.09638310840208,153.093070250176,2.80339689275137,0.0139370817504993,18.5827756673004,1
922.71797671359,72.0557052872471,67.9193231388861,6.52273958506981,92.217176123454,8.32862091704992,-6.91209436894125e-15,0.644104629533551,1
920.563080074708,73.2546960324701,68.4509118454152,4.49162974690022,99.3006415631281,5.95255328197166,-7.35395644304886e-15,7.47545986400919e-15,1
922.163428541291,60.7377665836245,62.9966711024896,5.5831095694953,75.0916154788647,6.74218097708247,-7.08096941149036e-15,7.11472963896763e-15,1
918.800000000004,80.3840000000034,189.6,1.76718259999973,80.2999999999998,2.77380559999992,-8.79933167718944e-15,1.47744472642214e-14,1
920.320000000003,65.4620000000016,48,14.8756509999996,64.0999999999998,18.4100162,-3.98355800360063e-15,6.33807694903931e-15,1
915.374595121702,72.9948172460423,214.893054309403,2.20083932908962,231.104426065142,2.89063634965811,0.00653460429309684,49.0095321984391,1
920.969243150125,69.0119310284787,197.202837469509,4.46816747586048,210.037059245413,5.89278859482604,-1.68805591137883e-14,5.79827066085433e-15,1
917.334410853689,67.0031684580456,66.1548716082241,4.73837195122822,79.2414652547929,5.78687421352029,-6.67323848110188e-15,7.76041158587968e-15,1
919.190000000007,73.9039999999974,68.8,3.19882419999971,103.8,4.4515105999999,-7.65346300571345e-15,7.44935509631976e-15,1
922.980000000005,63.3740000000002,125.3,3.64621219999962,98.5999999999998,5.4133948000001,-8.49840701561124e-15,8.46036654136862e-15,1
921.139955596707,61.7137564290405,110.375092506869,4.02559222495937,53.6288558353086,4.83177384541469,-6.08261664543124e-15,1.03043892378157e-14,1
920.660000000007,70.5559999999983,47.3,11.9228901999998,66.8999999999998,15.7480575999998,-4.36745706267063e-15,7.26892634972372e-15,1
919.500000000011,79.8619999999993,97.7,1.47638039999952,144.4,2.23693999999993,-1.05729810989664e-14,7.27571697473066e-15,1
923.720000000003,58.2080000000044,191.2,4.83179039999994,99.4999999999998,7.49374900000001,-9.7995318117105e-15,1.02016942112738e-14,1
922.573065432606,58.7332430929186,55.1484203571025,18.4059089828936,75.2614011903415,23.6374832890852,-5.37527778617855e-15,10,1
919.738160585387,67.4327443006111,147.470881543995,1.15777533449608,129.981819222938,1.89900003624082,-1.1047103157021e-14,8.42002141317748e-15,1
922.639489086676,72.4800316259788,68.5161726060634,5.10628710082418,75.8432037864382,5.95270085656306,-5.77397960730186e-15,8.56271918353762e-15,1
918.977516202496,53.6358811848147,47.4890523734404,7.65012486326466,64.4867817204705,9.53536615761674,-5.85431437042803e-15,5.79559459437383e-15,1
918.090000000011,68.8640000000004,54.8,16.5086171999995,73.3999999999998,21.2285606,-5.13173196645122e-15,6.62622271115096e-15,1
922.141662165277,66.7704276607659,149.642642226808,3.60257120500524,178.113963340212,5.0383491756409,-1.3864659238235e-14,5.4160604027942e-15,1
917.400000000002,61.916000000004,251.8,1.76718259999987,267.4,2.32641760000006,-2.23205255223124e-14,4.19249613636884e-15,1
920.860000000007,66.9379999999986,75.4,2.68432799999972,88.9999999999998,3.4448875999999,-7.42914922774449e-15,7.74304972153683e-15,1
920.670000000002,66.0560000000032,137.5,1.83429079999985,46.7999999999998,2.43826460000005,-5.07840458505154e-15,1.22445832296403e-14,1
920.970000000007,59.7199999999984,55.5,12.0794759999997,73.6999999999998,14.9651285999999,-5.77504464180366e-15,5.84100301910515e-15,1
921.615698415597,76.0290755246306,173.821184745309,1.36787203059556,202.905069869497,1.84010013223833,-1.62181905059601e-14,6.62898878934324e-15,1
923.552439439014,59.608515806338,54.5320311223003,18.7429552736466,73.2067704076675,23.5838622882836,-5.40978658568204e-15,10,1
921.409125013377,60.8492106695872,43.4613574714035,21.314179400733,54.9414290298651,25.6053254374593,0.00999999999990833,51.1178575248877,1
921.480230558684,59.6836886299447,47.1296834644832,16.5772720619514,60.8017298336403,20.1119595311782,0.00265129608811257,42.6512960881219,1
922.808885572328,68.7455510262034,198.270947401879,4.19182464181629,209.192743768196,5.23693869766192,-1.67191296136384e-14,5.81624340133244e-15,1
923.418287331538,60.4350342971207,52.1639610200997,17.7431897313656,66.7553976777615,22.6298459896238,-5.12966591287537e-15,16.3626218121885,1
918.865498721683,69.1690787523728,45.3671147250267,3.80870667071082,82.2479777508715,5.4499331698308,-6.13264590041467e-15,7.08346499716565e-15,1
915.808537206644,73.2175218765625,215.629367721963,2.17923816285889,232.546876111059,2.86768511053798,0.00894874662935542,67.1155997204042,1
920.288154912911,75.7652368630871,91.578831664582,1.27115043064304,88.1944843657009,1.89749363064311,-7.16315558214438e-15,9.68466783137073e-15,1
917.610000000009,73.0219999999978,42.3,4.33966359999952,64.1999999999998,5.59234999999993,-4.15732033104414e-15,8.21375779405646e-15,1
922.174130567081,62.2675835594034,47.9662515947884,16.5527604427446,63.6687420260578,20.4089222848421,-4.51125349879191e-15,5.93090334191467e-15,1
918.355310727324,64.1736853562954,53.7577078569541,14.5585977567743,72.1682001945819,17.2649341230092,-5.73202955299944e-15,6.2962974395418e-15,1
921.610000000006,64.8680000000009,65.3,11.7663043999997,81.9999999999998,15.211192,-5.9224147086478e-15,6.3883146356194e-15,1
920.334776901394,83.0042047324999,53.8869959021659,13.7088767872178,75.040586939409,17.1720933180115,-6.05286514282309e-15,9.06544004893453e-15,1
922.702458837993,56.994108340885,46.272825704583,6.00459850164203,58.301563645371,7.9249994880089,-4.59335220913328e-15,6.46371107914737e-15,1
923.480000000007,64.4719999999991,52.4,9.48462559999974,67.7999999999998,12.079476,0.0499999999999441,99.9999999999999,1
922.473232963089,66.6397842137733,71.4856545181409,1.99181214590375,94.1929318523237,2.63192688468424,-7.36245286111259e-15,7.20571835215833e-15,1
920.075591056323,69.348750068571,45.6699810865799,21.108389797722,63.6382734408359,26.6595962599286,0.00119449698171566,34.1500945671008,1
923.634016989316,62.5605117305454,62.9307001548906,13.1532427358622,87.4007759065775,17.5508237839581,-6.37594085139473e-15,5.61319520496556e-15,1
916.870000000006,67.6039999999976,66.3,4.40677179999972,79.1999999999998,5.34628659999987,-6.68926174798856e-15,7.88897831470433e-15,1
922.593064124065,68.216508319361,56.7807806468785,9.83811603649723,81.2172047851137,13.045088097676,-5.38479340259397e-15,6.64927451423765e-15,1
919.320000000006,67.5319999999976,142.6,1.09610059999971,124.1,1.74481319999988,-1.07070233082429e-14,8.61380038893996e-15,1
920.810000000001,59.0720000000016,181.6,9.0148681999996,186.3,9.9096442,-1.57217427250444e-14,4.80440952403715e-15,1
918.981213404726,79.7690627085767,187.847280183857,2.35861461157843,69.1301245615307,3.55130610960346,-8.1154225429258e-15,1.52112787559607e-14,1
925.3,72.7700000000037,227.2,2.66195859999984,221.8,3.53436520000011,-1.82815616381337e-14,7.06361479793699e-15,1
920.372656569365,75.5683753924777,183.709305991644,3.16831688672215,191.76751252425,3.87547001115589,-1.53780385140878e-14,7.31107537012212e-15,1
914.200000000013,72.3920000000014,212.9,2.25930939999949,227.2,2.95276079999984,-1.90923945070365e-14,6.41258279393576e-15,1
916.720000000006,86.9359999999981,272,2.19220119999981,187.2,2.8632831999998,0.0300000000000667,40,1
917.600000000007,69.6559999999974,328.3,1.52111919999967,227.8,2.34878699999989,-1.99528643073099e-14,1.0197778724588e-14,1
921.772168250892,47.9424140408278,44.6619514508423,12.9398805962784,66.8301574234087,17.0876589104954,-6.3290275633159e-15,4.43532907170947e-15,1
923.870000000003,48.3620000000012,199.9,6.17395439999961,217.5,7.49374899999994,-2.00871632251298e-14,3.18127546493379e-15,1
921.168738635905,63.9841053260599,75.0259074681293,4.71812661174276,91.246461040287,5.9648248397162,-6.92809492672361e-15,6.7832597911002e-15,1
921.090000000009,72.4099999999965,180.2,1.27505579999959,189.6,1.90139900000002,-1.56395428878298e-14,7.16112018746234e-15,1
918.269919389886,53.5590182945936,89.810693132712,5.08593136889355,97.3363786045271,7.97481745186301,-8.07762477106162e-15,5.69713589818402e-15,1
917.200000000006,75.5060000000038,177.6,7.40427139999972,182.9,8.20956979999999,-1.47661153006295e-14,7.17768005552351e-15,1
916.818071508122,74.3029252505624,177.557563500902,6.65434097188288,183.685075233321,7.46913216211249,-1.47785647400912e-14,7.01506548451929e-15,1
920.110350173741,74.8187079352232,237.455209235825,2.36133341055926,239.560445578012,3.04496182111909,-1.96618571664983e-14,6.8180273686615e-15,1
921.880000000001,47.5700000000032,45.6,13.2203153999999,67.3999999999998,17.4033932,-6.31849463722518e-15,4.3393662309271e-15,1
921.433165783974,64.6347758087463,72.4034958010339,5.0240516466492,92.6235153640709,6.936517565232,-7.52092242279999e-15,13.8649441744752,1
921.763401667461,66.0224665654721,73.1765018608455,2.85126473442588,93.4334137264167,3.79746068173309,-7.14059954697781e-15,7.08771252608871e-15,1
922.180000000009,75.217999999998,146.3,0.961884199999526,95.5999999999998,1.54348859999994,-8.56113972422249e-15,1.13614224989815e-14,1
919.407404511,64.4964773491536,54.7105280158114,8.38148586110753,68.6270341882863,10.3207999317419,-5.46888571990074e-15,7.11740167499292e-15,1
919.561376073296,61.8557197995933,55.9887824952466,6.97129233650661,69.1499564753279,8.51419255921168,-5.7015268232157e-15,6.92694960843161e-15,1
922.221203584899,69.7365783350416,53.3777060147855,16.9082036845033,72.3875202491147,21.4434278803133,-4.51368988753523e-15,6.53268941700678e-15,1
922.990000000005,55.7600000000003,41.2,9.28330099999962,66.0999999999998,12.1018453999999,-5.07508733857406e-15,5.39702821218694e-15,1
920.567764807644,59.887050185739,55.7499417792872,17.6419306740045,77.120605302208,23.1941511564769,-5.28678604755173e-15,7.91618149405993,1
918.846598183231,74.9380125035215,185.395861246661,3.06333563712276,189.244245940516,3.83191118855142,-1.48919374829865e-14,7.32048598017318e-15,1
921.689358252581,65.9503395683892,73.3550771555556,2.94674594792684,93.3463038265581,3.92509373243334,-7.11732227201227e-15,7.07435795030398e-15,1
920.27741687208,74.3617174481608,199.548982101717,4.5990914308703,211.76567775039,5.58247313852244,-1.67527207844559e-14,6.45501521596312e-15,1
919.18000000001,74.8400000000003,51.7,21.3404075999995,76.0999999999998,26.3511532,0.00999999999997876,138,1
916.510000000006,82.2199999999998,154.2,2.21457059999977,81.5999999999998,3.08697719999986,-8.56864423720573e-15,1.36311063415884e-14,1
924.025499583069,60.1092415698593,54.0323064094335,18.8272155201875,71.6598043247627,23.4787818483397,-5.40377296646428e-15,10.5240424705204,1
923.668273562646,60.3009070692773,52.9331494235115,18.189477698527,68.7745172367175,22.9793486145092,-5.24251440872504e-15,13.9589080515266,1
920.020000000008,74.5519999999963,199.7,4.65283519999959,211.8,5.61471940000003,-1.67407664126984e-14,6.4753331790314e-15,1
917.318987129666,74.0666077222061,177.170040108276,2.64317660613249,190.190297515173,3.28301697047247,-1.52360266415374e-14,6.99279247739016e-15,1
921.370000000007,60.9799999999985,42.5,21.5417321999997,53.5999999999998,25.6353323999999,0.00999999999998471,50,1
921.459843557741,77.0532952188325,51.7823519072013,5.99008611065871,74.5180391984532,8.11886343616484,-5.32859249647271e-15,8.5983151695817e-15,1
920.598121563049,53.154927630282,44.8254972868272,5.34924034815328,73.421629702564,7.24704911607537,-6.06879027267032e-15,5.23746168063608e-15,1
914.154388930715,81.5102495899797,125.453293630442,2.65155396915173,141.837043932985,3.41693667594581,-1.1727302520674e-14,8.91929816637671e-15,1
922.357267009774,74.3587119150905,166.88901695514,4.17919256269482,209.959132856335,6.90357422359219,-1.6003204654992e-14,5.36440846599761e-15,1
921.320000000004,60.6740000000002,110,4.09360019999965,53.9999999999998,4.8988985999999,-6.13201496871269e-15,1.01203856111427e-14,1
920.920000000005,74.2100000000002,60.9,8.45563319999964,76.2999999999998,10.6702038,-5.80806236369353e-15,8.27724654824126e-15,1
918.944562105413,62.353513313224,165.627566566105,3.5127050649315,189.121440662526,4.6576313475631,-1.59288004181053e-14,5.13771914002159e-15,1
922.412658689932,64.0185369309518,127.981695263461,3.25091611913163,102.552787816084,4.84472324506714,-8.84076746941199e-15,8.48415051953547e-15,1
918.326884454047,74.3630205403489,70.4477660422867,3.75171726559462,101.916838808815,5.20625351493899,-7.41419007585351e-15,7.59365147466684e-15,1
919.700000000009,76.2079999999979,31.2,1.07373119999953,73.9999999999998,1.52111919999995,-5.5604479992644e-15,8.29729831647291e-15,1
921.160291324154,75.1894177166762,225.537540334963,2.17327441024731,250.63815186865,2.91776277101473,0.0351384407225619,263.538305419732,1
921.350000000005,61.8080000000002,64.9,7.6055959999996,79.5999999999998,9.59647260000011,-6.53469120967522e-15,6.64874256102466e-15,1
920.701211396819,73.8531314783585,61.1917181375817,8.23690610612291,76.4566634442566,10.3825957981068,-5.85566640873514e-15,8.25627156935803e-15,1
919.3,63.6080000000019,171.9,4.1830778,194,5.74893579999997,-1.58500990408983e-14,5.08379422482809e-15,1
921.170000000008,70.3219999999978,52.1000000000001,17.6941953999997,70.4999999999998,22.1904447999999,-4.32137206018983e-15,6.58074049697512e-15,1
923.349126953681,48.6111609306962,46.6873457556324,14.1417940126929,67.6011822998557,18.1772169114629,-6.11416854444447e-15,17.9446538231057,1
920.935243296654,64.8842062953201,47.927046249409,15.0116453023722,64.3188612517728,18.627607083796,-4.14401546698272e-15,6.277922069197e-15,1
923.891660800799,56.986879875369,51.3833833371147,13.3398707568584,67.759075698068,17.4962426011066,-5.09837076912884e-15,5.46942524762235e-15,1
918.273968886735,55.5835867900707,47.8521276422035,6.50347288327944,63.6313011570206,7.91220507704334,-5.91103931092447e-15,6.26752110877462e-15,1
916.824510518958,86.6766043902799,118.66643711466,2.3598064772823,45.9192038707116,3.17288151950271,-4.89411845369039e-15,1.4607052209073e-14,1
924.510000000005,71.9060000000002,196.7,6.64371179999957,217.9,8.276678,-1.74320751875067e-14,5.58479257908875e-15,1
921.159382070173,66.435828539795,207.428901126333,2.86867113493718,232.391120442072,3.82348629451948,0.469525894318949,1455.97237330187,1
920.759139874447,66.6875482260054,197.934219642243,4.17135779263968,210.517641606467,5.05058642095396,-1.69971779374964e-14,5.48785029364797e-15,1
921.264865999956,76.3728360677932,226.356699058358,1.90919112901658,249.387781027098,2.58027312901704,0.0397320471090199,293.033224836393,1
924.571260179008,60.4212402562391,161.768827313603,1.99546916150355,167.097738857857,2.98458508510383,-1.33497864447248e-14,5.70296014775157e-15,1
920.811168887206,74.4839731998319,204.483735506732,4.45679608736327,220.888954434585,5.60223330683953,-1.83293958708209e-14,6.48036266149729e-15,1
915.576939290284,73.753435371506,182.389302086896,9.33340190233752,193.381521786456,10.8946913352059,-1.68510227647303e-14,6.81547272353e-15,1
922.730000000008,72.2299999999989,67.9,6.53186479999974,92.1999999999998,8.32141679999998,-6.88129155601566e-15,7.51665698156538e-15,1
920.897662302518,66.5287859626597,198.122180130317,4.07929333836524,210.715248839593,4.84264381703043,-1.70188072189013e-14,5.46655004814433e-15,1
916.500000000006,85.5859999999992,121.1,1.29742519999979,80.5999999999998,1.74481319999986,-7.17872614269808e-15,1.26983359098609e-14,1
918.400000000001,57.5600000000036,163.5,3.15408539999992,211.5,4.36203300000012,-1.77965365229237e-14,3.29433633809776e-15,1
919.322491334299,72.2093725646673,181.438638989608,2.71691168089855,186.786607700152,3.3552867108516,-1.50391401677468e-14,7.05319559692907e-15,1
922.542989053603,67.9060574184179,198.484233379467,4.28088478962781,208.609762096123,5.2623844541795,-1.66649646107733e-14,5.71578976374157e-15,1
921.720000000001,59.8100000000038,51.1,19.5061168,65.5999999999998,25.3668996,0.00999999999930148,60,1
919.907578727719,63.8584445820018,74.0288866880404,7.89479523705315,81.7560500857647,10.3170412847092,-6.15615055420599e-15,6.95456081873082e-15,1
917.650000000006,82.4360000000038,108,2.21457059999973,62.7999999999998,2.84091379999997,-5.06327197183347e-15,1.23855168950727e-14,1
916.760000000006,87.0079999999991,119.5,2.3711563999998,44.5999999999998,3.19882419999984,-4.88089941033664e-15,1.47806612001838e-14,1
920.225445990264,75.2401692326792,213.627641578705,3.01616503354729,222.478617921065,3.87170466052144,-1.87275887445857e-14,7.03299041818213e-15,1
920.192029384942,67.3250128053333,152.757704923408,1.22471669312067,136.36590783204,2.06635343280231,-1.14162236291875e-14,8.20969496400271e-15,1
921.55975398523,70.9458668828596,166.212920088324,3.97513662137997,210.303123490445,6.39681211385536,-1.63668086223269e-14,4.9414659274366e-15,1
920.736640702004,69.5320769560823,183.126655247533,4.01966629439019,189.555221481271,4.80268241649442,-1.54353233927986e-14,6.51689980284083e-15,1
915.625633146309,77.3011367472611,209.222279709545,1.76015283838994,233.52237308359,2.39814239821144,-1.91974808490138e-14,6.60245145680164e-15,1
921.59156736294,59.4285550679225,49.6230246737674,16.4751429117326,64.187240992299,20.7127027289168,0.00357836814656005,47.1567362936292,1
918.570000000005,76.0460000000034,209.2,3.13171599999971,222.7,3.98175319999994,-1.88730939029713e-14,7.02299998225967e-15,1
920.217105596038,56.6458378227388,73.9205545078888,3.99282572808902,63.7761868916226,4.79859578827468,-6.27836374458254e-15,7.62246794341979e-15,1
919.288658531021,77.3495142851963,165.874922403792,1.42064165489336,198.5485033386,1.96947686691322,-1.61686055194555e-14,6.87448952013872e-15,1
921.613372530649,68.6589725651006,70.7035554621347,2.24893157454919,96.8447011960461,3.04304912088379,-7.44751544592564e-15,7.28185052857566e-15,1
920.986186534732,57.0736449901734,71.7392712880389,2.82100459096761,63.4742376232821,3.42570041318102,-6.18549684837789e-15,7.70758193105282e-15,1
921.03807749346,51.3550080272168,46.527495161529,16.5418934695791,59.7337274956406,21.0310174686221,-5.02945680799267e-15,19.0264762805541,1
916.258308673553,74.593013392626,181.852429703746,8.76824011460945,193.188037304676,10.2392685482742,-1.66772269943928e-14,6.92779033069999e-15,1
920.667617655366,68.395342256477,196.16481573568,4.14640585269752,212.353598111609,5.48913382206115,-1.71842855039474e-14,5.62246122305912e-15,1
917.895732351596,74.8313161528024,282.297189752846,1.93764156857648,229.278661757944,2.64280278958344,-1.96678123689358e-14,9.16083650540956e-15,1
918.174955641637,73.2214868897886,183.610323979368,1.6458333456751,186.220943681198,2.35281193358618,-1.47980150154399e-14,7.34314012363749e-15,1
917.447472909961,75.7003020353092,147.950180600294,2.64351686956275,50.8480477264461,3.84954834588974,-6.34915051070852e-15,1.40715454204554e-14,1
923.770000000001,71.7800000000036,197.5,3.86990619999985,211.3,5.14496200000007,-1.69149154252701e-14,6.17934496002841e-15,1
918.125062235075,68.2441497729439,54.6622555050986,16.2509116756442,73.2372110514799,20.7047461102776,-5.21106451097952e-15,6.58262131762971e-15,1
916.029175219531,87.1361830462381,211.488359310312,1.57681889045443,110.292239540208,2.58936995477275,-1.00429486956582e-14,1.46179557627896e-14,1
925.277661192109,66.4665745906724,49.4049390974192,11.2288538812865,77.8993462959296,15.3440110941853,-5.34855788251018e-15,6.29562564373231e-15,1
923.860558987048,58.2730147393411,53.2821492399512,14.09544370991,69.9271760477461,18.3914609940243,-5.36282216641904e-15,5.57675548219355e-15,1
918.840000000007,68.9539999999991,45.8,3.89227559999977,82.4999999999998,5.56998059999983,-6.1501297742017e-15,7.04637554173321e-15,1
915.820000000006,62.4919999999988,45.3,8.56748019999978,65.2999999999998,11.1399611999998,-6.12622115675478e-15,6.99304381693291e-15,1
920.791124402494,59.077817659984,55.8355748507957,17.7440938969273,77.4560014989495,23.3713404962335,-5.30076349070044e-15,8.62979042329732,1
920.280000000008,74.0299999999964,120.9,2.23693999999961,119.8,2.88565260000002,-9.73979521132207e-15,8.7410911956544e-15,1
920.862910432982,74.0146569947834,210.7392472053,1.57364519108532,254.006744507265,2.32465354876229,-1.99328416429877e-14,4.85715280624442e-15,1
915.104852840164,80.6610318250024,214.407657428119,1.53536419008028,116.843001371833,2.41188754048385,-1.1155814263562e-14,1.36281603907493e-14,1
919.235152568005,65.9511124417702,194.3433328628,2.94201868627098,216.569792401875,3.65881037488633,-1.74480620460115e-14,5.05260061063946e-15,1
922.650140477868,59.8118017205713,194.327281680088,4.46605858219746,102.396850398397,6.91201449785786,-1.01041862618681e-14,1.04455878482879e-14,1
921.727033512246,61.2496174315072,56.5014511411809,10.2417652959665,76.7739116441142,13.1227900396095,-6.00383043260829e-15,6.11335518037122e-15,1
920.340430562813,67.2812226224226,196.693374605532,4.63924380379425,209.023159324127,6.06062533900995,-1.69075872594743e-14,5.59780425843419e-15,1
923.394623971261,62.2310392166465,44.9311662810435,15.0051754697974,63.520974770008,19.2648777006653,-4.05849371381865e-15,5.84938783047937e-15,1
920.698901483525,50.9648035179853,45.1133641288016,16.0437493926785,59.4305765304836,20.5495494554124,-5.05061053790652e-15,18.4144976454095,1
918.600000000005,87.4400000000032,40.9,3.40014879999975,53.4999999999998,4.40677179999991,-3.7684847624397e-15,1.10597675313107e-14,1
918.321574714995,71.8311416163767,144.03259146182,2.64818025109158,39.7712623512066,3.8625711394107,-5.38031134342123e-15,1.39039269977637e-14,1
919.90000000001,70.4840000000004,46.1000000000001,21.0496053999995,64.9999999999998,26.7985412,-5.90811933404156e-15,32,1
921.170000000009,69.5479999999979,37.1000000000001,2.34878699999956,65.0999999999998,3.33304059999994,-5.33495020868528e-15,8.03049789617466e-15,1
925.290000000008,68.3599999999978,39.9,14.0703525999996,55.8999999999998,19.5284861999999,-3.439589337656e-15,7.1039991587222e-15,1
918.845566333225,80.2293732626826,189.159276449182,1.91589890582879,77.4913210998742,2.96930905822466,-8.62736188526195e-15,1.48842890794249e-14,1
920.767570579407,51.4119513647949,35.9227684549772,10.327253488297,61.5213079399392,14.1461696490617,-6.42715592636419e-15,5.32935191002983e-15,1
920.423862879328,70.8600579930887,198.973954374256,4.3889156184162,211.300843632301,5.2594430401761,-1.68687089712888e-14,6.01113406886806e-15,1
920.828413636886,69.8157633169666,48.6316427102201,12.8165316532598,65.1766976691267,16.2562066616575,-4.53387705433987e-15,7.29138977280843e-15,1
920.30016751004,66.9531102055903,49.2385687061412,21.4181968687793,62.803001905701,25.8156306165877,-6.21169474899676e-15,38.2771374122823,1
920.650000000003,51.8180000000047,34.9,10.0214912,60.8999999999998,13.8019198000001,-6.43864013424858e-15,5.43398164000526e-15,1
914.830000000005,85.459999999999,120.5,1.43164159999979,132.8,2.23693999999985,-1.08246566460357e-14,9.84814442356313e-15,1
920.632354382019,78.0231202575931,55.384664555713,11.4145553072657,72.6037786006845,14.5658630743916,0.0099999999998615,84.7192185906517,1
918.79,61.8080000000035,162.9,3.2211935999999,187,4.18307780000012,-1.59630236980234e-14,5.16116837982808e-15,1
920.410000000007,65.9839999999987,50.1000000000001,21.5193627999998,62.1999999999998,25.5458547999998,-6.2950159654407e-15,40,1
920.992757290377,63.4855222773859,163.569123235789,1.40101039276197,195.12850486025,2.01407027965986,-1.56265278758967e-14,4.84888124977743e-15,1
923.051873414023,68.1943223203914,227.295374009166,2.47447780082457,253.566743392271,3.27684552610861,-2.00398875632929e-14,4.5434875318735e-15,1
920.971398046766,68.2538228810706,192.154375460234,2.24827862346158,221.680186993743,3.12588054543839,-1.80906421563119e-14,5.21025305259917e-15,1
920.844324383307,69.7458300361854,48.757448612155,12.9009577295421,65.0138900313286,16.3042136462102,-4.54959945269137e-15,7.29351198710813e-15,1
922.180000000002,70.1060000000039,62.1,3.62384279999995,72.8999999999998,4.04886140000003,-6.05022463726064e-15,8.44129938344714e-15,1
918.894229797664,64.7344244954225,171.527752701159,2.8820023128816,191.258973063543,3.68861516619534,-1.51533200570931e-14,5.30729420879991e-15,1
922.872788846703,62.7794083305879,45.4520186652529,14.9831921578666,63.6192488047645,19.1197878419219,-4.04577538271834e-15,5.93232972823253e-15,1
916.140000000001,84.0200000000007,37.5,2.50537279999999,48.6999999999999,2.90802199999993,-3.69592818988407e-15,1.08489604584707e-14,1
920.095677634629,53.8003301819337,212.84840519508,4.3662218570895,223.009959657481,5.13137124506058,-1.87641099691614e-14,3.69634548666986e-15,1
919.090796366431,74.9020192756748,221.198708716318,2.01585086261079,243.457306419671,2.69408610402444,0.0272088810370494,204.066607778304,1
924.670000000008,59.9179999999985,163.2,1.74481319999971,165.6,2.66195859999989,-1.32807624099451e-14,5.79045030500701e-15,1
917.735011374546,81.7833354681884,123.988543412209,2.23728170265971,45.1485997503809,3.00916837876808,-4.93014999649462e-15,1.41482558630986e-14,1
918.108730104064,66.6197252101683,207.60217354199,2.9135760019752,114.693592333633,4.44262945414888,-1.13974035971788e-14,1.14808836701457e-14,1
916.990000000007,75.0739999999979,73,4.60809639999971,98.9999999999998,6.37527899999991,-7.04357890832235e-15,7.81715293503274e-15,1
922.120000000007,55.5799999999991,51.9,14.2940465999998,72.1999999999998,19.0139899999999,-5.44752002812347e-15,4.98708687748925e-15,1
920.715531913314,62.8157915071639,116.131280879312,3.87276050376815,51.2807596100224,4.77104403902378,-6.01276533093166e-15,1.083585358825e-14,1
922.302774167897,69.0281820407626,197.807809615127,3.97318894606922,210.992190384873,4.98429995055862,-1.69702187269509e-14,5.8063947070429e-15,1
921.500000000006,62.9960000000002,74.6000000000001,5.27917839999962,90.2999999999998,6.42001780000008,-7.00927390920304e-15,6.66585064333659e-15,1
916.100000000001,82.4540000000007,180.7,3.55673459999997,210.8,5.30154779999994,-1.68895741940733e-14,7.26403452840103e-15,1
918.300061513805,55.4218015527393,89.9669856271028,4.85368583522616,96.1976761453943,7.46287837227361,-8.05251520798601e-15,6.06553190056151e-15,1
919.721008002922,70.2349850446946,118.161587019447,3.32550979082815,161.676002750261,4.96445992068158,-1.28425969051195e-14,5.83258967687626e-15,1
921.645839484382,65.7349580977083,266.139655804299,2.0245524860267,232.511547245133,2.56424470753361,-1.93341752755868e-14,6.90668981335077e-15,1
921.862506840692,61.4066874349079,75.1524965494139,2.55063182112169,62.9518810082844,3.07034550749346,-6.13229642971033e-15,8.50316332562034e-15,1
922.355359164408,59.8194529132858,53.3967002157989,14.1928163006769,70.5228411221541,18.0224701237499,-5.47314938429889e-15,5.76900536678852e-15,1
919.46,71.8160000000019,56.7,8.81354360000001,74.5999999999999,11.1623306,-5.19586884697998e-15,7.68361230855974e-15,1
915.644139092302,82.3349195090723,117.954761843959,1.56361118703766,135.193535219588,2.39907406407494,-1.11281384388655e-14,9.20889968248763e-15,1
920.396217032342,72.2204433256339,226.992919938414,3.07760686862067,249.101917842785,4.06626499314885,0.0189675562397955,142.256671798814,1
923.020000000007,60.4939999999986,274.7,1.9237683999997,233.3,2.43826459999987,-1.92956879245532e-14,6.35885916040736e-15,1
923.953386852446,60.147932823405,53.8104210844377,18.6984762539739,71.0773553466489,23.3779619410639,-5.37121992085699e-15,11.2174341111321,1
924.790000000008,68.3059999999981,56.5,14.9874979999997,76.9999999999998,19.6179638,-4.98365151299637e-15,6.41526835438981e-15,1
922.273264482375,68.7891678500377,57.1875078533293,9.5838444862264,82.3306421212917,12.7722945889172,-5.37142466117537e-15,6.68007216949635e-15,1
918.700000000001,74.4440000000017,181,0.917145399999982,127.6,1.34216399999996,-1.10858427132543e-14,1.07803098822748e-14,1
919.517596583515,75.6289488166034,120.844043785946,2.12428637587931,121.61857695677,2.7949038472364,-9.89155705797276e-15,8.89595746413084e-15,1
916.540000000007,80.383999999998,99.3,1.09610059999983,96.7999999999998,1.4763803999998,-7.83353045069604e-15,1.01871770526172e-14,1
919.759618020603,69.7735241497787,120.201208926892,3.39915860315071,161.918308426843,5.08676557164224,-1.29563887310728e-14,5.84752733791439e-15,1
919.840000000006,65.6779999999976,64.9,9.48462559999973,74.7999999999998,10.8715283999999,-6.21357854196924e-15,7.27517042373146e-15,1
918.719414547108,61.5821552516073,257.176262122543,1.80394444740018,259.394299634118,2.35267606242883,-2.16103805527196e-14,4.70109593854418e-15,1
920.48560870072,74.1960374225237,57.1766460061504,5.55786329653852,73.5074845046126,6.71396704557405,-5.71987097760757e-15,8.56706560807496e-15,1
923.140469624139,58.2345193409907,47.6659760597201,10.3519342071997,65.7050184485229,13.109225387454,-5.13646047495171e-15,5.92365862675079e-15,1
923.107768093432,60.6016398114114,51.2085172105371,17.1888352018182,64.2473576776595,22.1957129243157,-4.98949167688872e-15,19.3483837170717,1
923.621725959458,71.6334564787666,197.484268006308,3.90157857337142,211.233139026811,5.18455246671454,-1.69130965779389e-14,6.15917061819357e-15,1
921.569845904314,61.7912793255882,62.2061135669218,8.4783360597914,78.7949304912638,10.7809055382889,-6.35898362996654e-15,6.4897670936478e-15,1
920.508940033667,80.9889222420934,58.9035771042393,9.4823134172383,78.4823777774932,11.8218161370333,-6.08689982631704e-15,9.03787237841883e-15,1
920.080777067158,60.9664540066125,163.71308791632,2.75132947175404,190.116837012559,3.64500758862177,-1.5806747225994e-14,4.81401178696943e-15,1
920.900434509799,64.1480022588895,127.750847662468,2.63524903702591,49.352505339281,3.31059535319678,-5.4519248808595e-15,1.14915240959037e-14,1
923.100000000002,75.5960000000029,178.3,1.40927219999985,205.2,1.85666019999998,-1.62033282465057e-14,6.52845311248424e-15,1
922.858110117248,64.9893607901511,63.4830468933119,10.2611871752062,73.1705039273085,11.9492056880415,-5.73336403588159e-15,7.03119098599211e-15,1
925.550000000005,50.9180000000004,32.6000000000001,5.41339479999963,57.4999999999998,8.12009220000007,-6.0779723205783e-15,10,1
924.01785625953,68.3703068965934,56.3040829315205,15.1627998908655,76.5851167961609,19.8035775667991,-5.00071709437284e-15,6.43957985977782e-15,1
916.260000000012,79.7720000000016,185.7,3.51199579999931,201.5,4.1607083999998,-1.725585532103e-14,7.83455214939427e-15,1
920.856912938934,69.8843380576337,47.3359658335939,12.2386698413123,66.7291622904291,16.0678599119023,-4.39226748273261e-15,7.16298737228779e-15,1
921.530000000003,77.7020000000019,97.1,3.26593239999965,125.9,4.45151059999994,-9.75545933826198e-15,7.94164326210804e-15,1
918.060000000008,74.8220000000005,271.1,2.08035419999969,295.4,2.8632831999999,-7.45757348680209e-14,-7.24692906489694e-14,2
921.160000000003,44.293999999998,277.8,1.85666020000167,136.499999999999,2.86328320000165,8.89999999999815,14730,2
915.300000000006,78.4040000000043,182.8,9.93201359999974,189,10.9833754,0.0200000000003784,170,2
918.070000000001,51.7100000000024,242.4,2.52774219999985,271.6,3.64621219999998,-6.13013820982557e-14,-7.1163825798166e-14,2
920.080000000005,80.5820000000039,40.6999999999999,4.51861879999969,62.9999999999997,5.88315219999995,-1.94787894342022e-14,-6.99399486263369e-14,2
919.650000000002,77.0360000000016,70.5999999999999,3.82516739999992,85.4999999999998,4.76468219999994,-2.63592801974523e-14,-6.76549630936058e-14,2
915.640000000009,45.7159999999971,241.6,5.86078279999976,265.8,8.03061460000024,0.549999999999846,1770,2
917.390000000011,49.7839999999999,204.1,1.27505579999947,211.8,2.01324599999996,-4.96202607419558e-14,-6.87051279521518e-14,2
920.820000000008,62.4379999999981,213.6,2.61721979999957,165.7,3.31067120000003,-5.07940991961717e-14,-6.61499186593859e-14,2
917.230000000006,67.676000000004,177.8,2.4606339999997,93.1999999999997,3.28830179999991,-3.86733305685065e-14,-6.59797189682415e-14,2
920.350000000005,47.5700000000003,192.1,6.26343199999961,205.7,7.60559599999999,-5.0279980012835e-14,-6.36815315063769e-14,2
918.030000000003,50.6660000000052,128.9,2.52774219999983,117.4,4.00412259999994,-2.8757819720005e-14,-6.82334787109625e-14,2
914.490000000004,49.8920000000057,163,4.85415979999982,189.6,6.73318939999996,-4.02971242929878e-14,-7.11596302611938e-14,2
914.900000000006,78.6199999999992,203.3,1.81192139999982,240,2.75143619999984,-6.48965100491504e-14,220,2
915.840000000005,40.1180000000012,171.9,10.5359873999995,188,12.9295132,-4.22248559811545e-14,-6.5328085017969e-14,2
916.310000000002,45.4280000000027,183.1,8.3437861999998,194.6,10.0885994,-4.45647393709783e-14,-6.76167730022392e-14,2
912.640000000009,53.9959999999987,177.7,6.82266699999975,190.7,8.63458839999982,-4.36023157107666e-14,-7.13062892440663e-14,2
914.660000000005,50.3600000000033,177.6,8.52274139999965,186.3,10.0214911999999,-4.34287690614935e-14,19.9999999999999,2
919.300000000005,64.2200000000042,182.2,10.7596813999997,186.5,11.7886737999999,-5.1793789174193e-14,-6.43604795645697e-14,2
914.900000000008,64.688000000001,174.6,5.65945819999966,184.5,6.86740579999986,-4.84885306850647e-14,-6.71524749466808e-14,2
914.540000000013,67.6580000000017,170.2,8.25430859999946,184.3,10.8491589999998,-4.98585421726538e-14,-6.59894730643831e-14,2
918.580000000007,76.9820000000043,150.7,1.31979459999969,182,1.94613779999996,-4.83126011752159e-14,-6.81062735617706e-14,2
916.420000000001,45.0140000000034,82.8000000000001,3.06460780000085,129.8,4.80942100000082,8.73999999999956,7000,2
922.570000000005,45.626,182.8,5.21207019999961,191.4,6.01736859999999,-4.34259407433579e-14,-6.86417183821955e-14,2
920.030000000002,66.9920000000038,172.5,2.46063399999981,168.1,3.31067120000005,-4.73737227058017e-14,-6.61903067994421e-14,2
916.180000000012,61.3040000000024,173.6,1.72244379999928,209.4,2.52774219999972,-4.58827252081129e-14,-7.39218427116288e-14,2
918.540000000002,46.6520000000039,213.6,16.4862478000001,221.2,18.0297364000001,0.0799999999998421,1153,2
918.240000000005,61.988000000005,78.3999999999999,4.45151059999984,45.0999999999997,5.83841339999995,-1.71974975204941e-14,-6.77919733411988e-14,2
917.020000000006,53.258000000001,180.2,3.13171599999957,216.6,4.45151059999991,-5.30427036654624e-14,-6.16294042680994e-14,2
916.750000000007,54.5720000000007,233.5,1.52111919999964,231.8,2.28167879999976,-5.46568199533137e-14,-7.30500948217812e-14,2
922.790000000008,53.978,182.6,1.8566601999997,208.2,2.63958919999998,0.0199999999999238,180,2
920.10000000001,53.4919999999986,186.1,13.4440093999996,193.8,15.3677778,-5.30130670750582e-14,-5.96488518099513e-14,2
916.220000000009,68.2519999999995,183.1,9.93201359999974,190.8,11.1623305999998,-5.37919857351853e-14,-6.41213561435041e-14,2
915.570000000006,61.3400000000006,174.3,4.89889859999956,180.6,5.50287239999994,-5.0670830611943e-14,-6.11005165254702e-14,2
916.800000000003,65.4440000000047,164.4,3.55673459999985,196.6,4.71994340000002,-5.04436580395234e-14,-6.47652883482858e-14,2
917.460000000008,58.297999999999,182.3,5.90552159999965,190.3,6.9345139999999,-5.14790054639834e-14,-6.20381879909426e-14,2
925.740000000006,49.5500000000016,154.2,2.32641759999953,197.1,3.40014879999999,-4.16867410368839e-14,-6.87308684133033e-14,2
920.930000000009,63.8239999999987,196.4,7.65033479999962,204,8.56748019999997,-5.65132894009277e-14,-6.28151180397107e-14,2
919.000000000011,68.1619999999992,98.5999999999999,1.72244379999946,126.4,2.30404819999989,-3.1894619451078e-14,-6.79477669705835e-14,2
915.320000000005,83.8399999999995,219.9,1.52111919999976,245,2.05798479999984,-6.54888601347991e-14,-7.08631285956108e-14,2
916.520000000003,51.6380000000036,190.8,7.40427139999991,198,8.38852500000012,0.369999999999557,2170,2
918.900000000007,77.5579999999986,212,1.18557819999979,154.1,1.83429079999984,-4.85899052188319e-14,-7.43674413314353e-14,2
921.500000000003,54.5360000000023,220,5.01074559999953,234.9,6.44238720000004,-5.48214904583235e-14,-7.13792579931659e-14,2
917.400000000007,73.8679999999995,181.7,4.13833899999982,189.8,4.76468219999988,0.0500000000000065,460,2
914.950000000007,47.2099999999942,183.9,7.62796540000115,191.199999999999,8.61221900000117,20.0199999999992,11650,2
916.450000000005,62.6540000000007,193.7,3.53436519999959,208.8,4.42914119999992,-5.26494795982657e-14,-6.80652936554953e-14,2
922.880000000007,53.7440000000001,186.9,2.81854439999968,223.2,3.66858159999996,-5.4232438612134e-14,-6.28304811262085e-14,2
915.100000000003,47.1380000000034,189.8,3.89227559999991,215.5,5.48050299999998,-4.85355430318582e-14,-6.72558171634099e-14,2
918.20000000001,65.9839999999983,172.5,2.88565259999956,210.3,3.75805920000001,-5.38249181475379e-14,-6.40628680409482e-14,2
915.17000000001,51.1700000000002,235.3,1.56585799999946,237.4,2.41589519999996,-5.51706467011302e-14,-7.19499618578875e-14,2
920.700000000012,76.1720000000026,190.9,6.26343199999935,199.6,7.27005499999972,-5.46458783640125e-14,-6.98726376514874e-14,2
918.320000000004,74.7320000000047,239.5,2.05798479999973,273.4,3.01986900000008,-6.9413928974194e-14,-6.98905130651368e-14,2
920.180000000011,62.7439999999994,32.6,3.01986899999952,51.2999999999997,3.82516739999991,-1.2937395454937e-14,-6.69809284141458e-14,2
913.610000000008,79.6280000000005,180.5,3.26593239999973,187.9,3.75805919999988,-5.41209862980895e-14,-6.73912955995177e-14,2
917.690000000007,75.0380000000041,79.6999999999999,3.13171599999968,82.7999999999997,4.83179039999998,-2.41039428083848e-14,-7.13125292872724e-14,2
916.040000000012,88.8440000000023,176,1.40927219999936,112.8,2.19220119999976,-4.64043625220124e-14,-6.80473995248747e-14,2
916.270000000011,71.7260000000007,189.5,12.2136923999994,194.9,13.4440093999999,-5.69791426735521e-14,-6.32282100405955e-14,2
919.08,72.7519999999999,166,2.46063399999991,198.9,3.13171599999996,-4.91693613879906e-14,-7.11719660567711e-14,2
917.210000000008,75.4160000000003,173.5,2.30404819999975,194.5,3.15408539999986,-4.92700756027364e-14,-7.28685356728159e-14,2
921.186223459361,71.2038227788008,214.248938374188,1.69079339655365,173.388878407993,2.67368146708011,-5.54876210916805e-14,-6.48699030212453e-14,2
918.770000000001,68.6480000000016,160.3,2.14746239999995,198.4,2.95276079999994,-4.8688151899068e-14,-6.85913071035721e-14,2
916.790000000007,76.4240000000004,186.4,2.39352579999977,190.2,3.28830179999985,-5.24366855048086e-14,-7.00904720089828e-14,2
916.550000000011,57.9559999999996,174.4,3.13171599999948,195,4.07123079999988,-4.63869371969403e-14,-6.88750570729263e-14,2
916.550000000009,53.5099999999985,205.8,3.80279799999952,226.1,4.94363739999993,0.00999999999993942,9.99999999999992,2
920.900000000001,60.3140000000023,214.5,2.30404819999985,239.3,2.88565259999998,-5.66837023263657e-14,-7.08189469879337e-14,2
918.98000000001,78.9440000000026,268,1.5658579999993,241.1,2.10272359999974,-6.91035772826255e-14,-7.15362603639929e-14,2
915.150000000007,84.2360000000054,203.6,1.11846999999974,212.6,1.83429080000004,-5.76103873939365e-14,-7.36229115297381e-14,2
916.100000000008,51.2239999999984,199.9,3.26593239999967,220.1,4.02649199999975,-4.8867187446566e-14,-7.16203353484656e-14,2
915.630000000012,72.3560000000026,165.3,3.80279799999937,179,5.25680899999972,-4.60611946778711e-14,-7.17501078516275e-14,2
919.000000000004,61.2500000000012,182.2,5.61471939999956,191.5,6.73318939999997,-5.11621542409469e-14,-6.42904994914434e-14,2
914.980000000006,84.3620000000055,178.4,1.43164159999971,209.3,1.96850720000003,-5.3567068225569e-14,-7.44127404306315e-14,2
916.500000000001,71.0419999999999,102.3,2.41589519999993,49.0999999999998,3.22119359999995,-2.27312336842367e-14,-6.88833031725621e-14,2
919.740000000001,57.5060000000045,212.9,1.96850719999988,245.8,2.81854440000005,-5.96061318358658e-14,-6.57619020891248e-14,2
917.800000000008,66.0020000000005,157,2.28167879999966,180.9,3.31067119999981,-4.62755360752797e-14,-6.68444446100264e-14,2
919.360000000006,48.7399999999991,280.9,2.52774219999967,274.8,3.66858159999979,-6.7479791612812e-14,69.9999999999999,2
911.700000000011,47.8039999999984,190.1,3.31067119999947,217.7,4.07123079999989,-4.66866514281513e-14,-7.07127038188094e-14,2
907.990000000001,41.3600000000026,161.2,12.2584312000003,187.7,17.7613036000003,0.980000000000233,3079,2
917.650000000005,84.2720000000048,204,1.05136179999973,242.5,1.61059680000007,-6.3041112660645e-14,-7.1334997911456e-14,2
920.000000000008,74.8939999999987,46.6999999999999,6.97925279999967,64.7999999999997,8.97012939999973,-2.07508723287783e-14,-6.69213178934591e-14,2
915.490000000008,59.3240000000006,162.1,3.37777939999964,180.8,4.56335759999978,-4.26756779109416e-14,-7.01004988112881e-14,2
922.890000000002,63.1760000000059,183.6,4.4067718,198.5,5.72656640000003,-5.2150984922173e-14,-6.54523502202651e-14,2
921.540000000002,45.2840000000044,192.1,8.41089439999991,200.2,9.37277860000009,0.0799999999998689,397,2
917.240000000003,45.4820000000035,153.8,7.22531620000001,77.9999999999997,10.5583568000001,0.0600000000003488,740,2
918.880000000007,60.6920000000004,178.8,4.36203299999956,185.4,4.92126799999989,-4.93133539974932e-14,-6.48177933826327e-14,2
923.600000000002,40.622000000004,130.9,1.72244379999989,163.1,2.75143620000005,-3.27726184023995e-14,9.99999999999993,2
915.500000000012,68.8100000000024,177.4,3.55673459999935,195.7,4.58572699999973,-4.93128966161383e-14,-7.05393679696647e-14,2
918.710000000009,40.4600000000004,214.5,16.1283373999997,222.4,18.2757997999999,-5.50534695609173e-14,39.9999999999999,2
916.310000000006,79.5019999999997,175.7,6.71081999999977,187,8.14246159999983,-5.29575535423987e-14,-6.85820193940813e-14,2
914.700000000009,63.5720000000004,171.9,8.56748019999964,182.8,10.6254649999998,-4.76371379343198e-14,-6.74191340525882e-14,2
917.860000000004,66.7760000000046,207.6,1.52111919999971,241.5,2.30404820000008,-5.7701513958564e-14,-7.13974786174815e-14,2
919.280000000012,72.6440000000022,95.8999999999999,4.71994339999935,85.5999999999997,5.88315219999977,0.00999999999996356,19.9999999999999,2
915.600000000001,56.2819999999997,178.3,3.19882419999989,201.7,4.16070839999995,-4.42298162678378e-14,-7.3479801936116e-14,2
918.9,76.8740000000001,343.4,2.86328319999998,147.8,3.66858159999999,-6.97527066217951e-14,-6.5636949389547e-14,2
917.4,70.3219999999997,176.2,6.1292156,184,7.13583859999999,0.049999999999671,270,2
922.180000000007,42.4760000000015,195.4,7.13583859999953,208.5,8.4556332,-4.73956924956777e-14,-6.69864508126569e-14,2
922.320000000003,55.5260000000011,215.9,9.39514799999956,228.5,10.849159,0.0200000000003813,59.9999999999999,2
917.08000000001,63.9679999999983,220,3.48962639999949,230,4.36203299999985,-6.15472906223543e-14,-6.42691259954143e-14,2
920.500000000008,40.8380000000003,185.3,5.56998059999967,203.3,6.9792527999999,-4.89251297725035e-14,89.9999999999999,2
915.400000000009,45.391999999998,249.3,11.2070693999998,289.7,15.0098674000002,0.559999999999811,2495,2
917.600000000012,74.9300000000023,63.8999999999999,11.6544573999993,84.6999999999997,15.0993449999998,-2.55750324640314e-14,69.9999999999999,2
917.560000000012,68.6120000000026,171.6,7.60559599999937,179.6,8.67932719999973,-4.87378070790357e-14,-6.74857834420689e-14,2
918.100000000007,73.4540000000005,198.9,1.45401099999977,175.3,2.23693999999983,-5.3503625654927e-14,-6.63154273994331e-14,2
914.060000000008,68.6300000000005,180,3.98175319999977,200.2,5.07785379999987,-4.92735429763469e-14,-7.19160415572912e-14,2
914.830000000011,74.5700000000025,175.5,1.40927219999938,153.8,2.23693999999973,-4.48513082978997e-14,-7.13492708692713e-14,2
919.470000000006,84.5780000000034,52.9999999999999,3.13171599999972,77.9999999999997,3.98175319999989,-2.43480484496408e-14,-6.95693099253562e-14,2
916.900000000007,68.3779999999982,333,0.693451399999689,143.8,1.27505579999992,-6.77546027894047e-14,-6.12771878662207e-14,2
920.400000000005,59.5399999999988,277.8,1.9461378000004,257.4,2.48300340000078,0.859999999999638,6950,2
923.820000000002,64.3640000000058,126.4,2.97513020000001,63.7999999999997,3.46725700000004,-3.00290795618447e-14,-6.2119614423902e-14,2
917.150000000004,49.3700000000052,169,10.2004463999999,184.6,12.6610804,-4.81491631065817e-14,-5.95290770719089e-14,2
916.400000000007,78.5119999999997,182.5,3.91464499999977,191.6,4.63046579999984,-5.24204666785266e-14,-7.08236226908134e-14,2
913.800000000004,68.9540000000055,139.6,2.23693999999972,188.5,3.53436520000002,-4.4711732466452e-14,-6.87520183437227e-14,2
929.320000000001,49.9820000000038,107.7,1.78955199999985,152.6,3.04223840000004,-3.67323256478262e-14,-5.8726961699175e-14,2
918.55000000001,52.7539999999968,175.3,3.01986899999959,202.5,4.42914119999999,-4.61635362408725e-14,-6.83838647388962e-14,2
918.300000000001,51.8360000000015,203.5,1.67770499999998,189.8,2.25930939999992,0.0199999999999264,240,2
923.210000000003,43.8620000000019,264.5,1.25268640000057,203.3,1.96850720000063,0.724999999999473,5558,2
916.100000000006,56.4260000000014,184.1,10.2451851999996,194.8,12.079476,-5.34311425715029e-14,-5.97731816293087e-14,2
918.030000000008,44.0599999999972,165,7.51611839999957,186.8,9.90964420000007,0.0199999999999344,250,2
915.100000000007,89.7800000000055,159.5,2.63958919999972,189.2,3.75805920000002,-5.04732319439599e-14,-7.44235882477206e-14,2
917.090000000009,63.2660000000004,175.5,6.73318939999964,186.3,7.96350639999979,-4.67372235829488e-14,-6.99156894545811e-14,2
918.100000000012,58.7660000000022,188.1,4.63046579999934,199.9,5.86078279999977,-4.6244790022354e-14,-7.3428185055903e-14,2
918.100000000009,44.7259999999973,185.9,9.01486819999954,196.8,10.737312,-4.54190558135666e-14,9.99999999999993,2
917.540000000011,71.3839999999987,219.5,2.16983180000066,202.399999999999,2.70669740000101,3.59999999999966,10970,2
920.400000000007,79.1780000000006,205,1.65533559999968,233.7,2.37115639999989,-5.91975323871452e-14,-7.33775809461108e-14,2
919.920000000003,52.2140000000049,94.4999999999999,1.99087659999992,85.2999999999997,2.7738056,-2.22235061825287e-14,-6.59898415689159e-14,2
913.200000000008,39.0199999999998,185.8,8.81354359999973,200.8,11.0728529999999,0.0099999999999428,130,2
912.890000000011,45.3199999999997,213.4,21.2509299999994,220.5,23.5773475999999,0.029999999999911,250,2
912.800000000003,42.5120000000046,190.8,11.3860245999999,198.1,12.7281886,-4.59214870240925e-14,-6.6382055722432e-14,2
921.480000000004,76.6220000000023,195.8,4.20544719999959,213.5,5.39102539999991,-5.83462911180057e-14,-6.79018371481386e-14,2
908.420000000008,46.1119999999988,174,16.2178149999997,212.4,21.2732993999999,0.0699999999998782,400,2
916.280000000002,47.858000000004,51.9999999999999,10.6254649999998,68.3999999999997,13.6900728,-1.64597906165968e-14,-6.20185807487254e-14,2
917.060000000006,79.1780000000046,218.8,1.49874979999972,215.7,2.21457060000008,-5.97167646443358e-14,-7.14934090310943e-14,2
917.120000000004,45.8960000000049,179.2,3.4001487999999,195,3.98175320000001,-4.25571358764204e-14,-6.97149032516404e-14,2
919.110000000004,58.4600000000046,37.9999999999999,2.1698317999999,60.0999999999997,2.81854439999998,-1.53687579634858e-14,-6.3692641751047e-14,2
917.700000000008,65.3719999999981,85.8999999999999,3.06460779999969,90.5999999999997,4.54098819999982,-2.75565285645649e-14,-6.37817351316347e-14,2
917.850000000006,65.3720000000003,129.9,1.45401099999976,176.2,2.23693999999982,-4.08968211657035e-14,-6.85647670028992e-14,2
918.100000000002,49.9460000000025,124.3,1.45401099999996,144.1,2.23693999999996,-2.90145482223505e-14,-7.17702029195975e-14,2
916.320000000004,63.0320000000008,68.8999999999999,3.95938379999959,79.2999999999997,4.65283519999992,-2.22162178015184e-14,-6.53100164976776e-14,2
917.800000000011,75.902000000002,161.9,8.7464353999993,183.5,12.5939721999998,-4.90172735401196e-14,-6.9981587341035e-14,2
911.450000000008,66.3260000000003,66.1999999999999,1.83429079999967,78.0999999999997,2.88565259999969,-2.04744403237144e-14,-6.85269028861962e-14,2
918.300000000001,78.8540000000016,88.3999999999999,2.84091379999995,108.4,3.93701439999993,-3.20742255838226e-14,-6.75941581457235e-14,2
915.920000000011,47.4439999999986,204.7,4.11596959999947,224.1,5.34628659999992,-5.15870730383169e-14,-6.73234441687933e-14,2
921.110000000004,63.968000000005,36.0999999999999,3.28830179999996,57.1999999999997,4.026492,-1.63313881945687e-14,-6.4233323171516e-14,2
913.070000000007,57.6140000000003,217.2,2.55011159999964,239.7,3.22119359999974,-5.52890167482277e-14,-7.19479357813585e-14,2
914.630000000005,55.4000000000041,191.1,5.36865599999967,199.6,6.42001779999989,0.0400000000007029,380,2
915.710000000005,78.0440000000047,53.0999999999999,4.27255539999978,72.6999999999997,5.18970079999995,-2.22228790230932e-14,-6.85048263920925e-14,2
916.500000000014,74.5880000000022,101.2,1.83429079999932,132.4,2.59485039999974,-3.37821116802584e-14,-6.98929923242957e-14,2
917.700000000008,56.2640000000003,199.3,3.55673459999977,211.8,4.69757399999985,-5.00073220083274e-14,-7.07325920487616e-14,2
912.980000000004,46.9940000000049,190.2,5.65945819999981,202.6,6.82266699999998,-4.53683231316232e-14,-6.96817447277971e-14,2
912.300000000012,74.5520000000023,164.4,3.75805919999928,182.8,4.80942099999976,-4.85601448413365e-14,-6.93701727165501e-14,2
923.800000000007,59.9719999999978,209.4,3.04223839999972,242.1,4.33966360000019,0.179999999999853,1350,2
924.16000000001,61.8799999999983,111.8,3.44488759999956,119,4.80942100000001,-3.48437806690913e-14,-6.1719286464229e-14,2
918.690000000006,48.9020000000009,200.4,4.47387999999954,222.1,6.08447679999999,-5.04664844802605e-14,-6.87520338771292e-14,2
921.8,53.4920000000054,305.9,3.08697719999999,275.6,4.20544720000005,-7.71859502035627e-14,-6.07147008474547e-14,2
922.200000000007,58.2980000000012,41.2999999999999,4.67520459999957,55.7999999999997,5.74893579999996,-1.59740395133668e-14,-6.28788193492165e-14,2
915.300000000007,51.5120000000002,179.4,5.07785379999957,186.5,5.74893579999991,-4.49254716594626e-14,-6.72997573704375e-14,2
918.300000000004,64.8860000000051,140.6,3.75805919999972,90.5999999999997,4.80942100000003,-3.37391115518009e-14,-6.46630491367447e-14,2
918.370000000008,65.317999999999,188.3,6.21869319999966,209.7,7.5608571999999,-5.59419533918691e-14,-6.37975323861117e-14,2
921.090000000008,70.1240000000002,182.8,2.90802199999977,204.5,3.53436519999985,-5.17024956292466e-14,-7.043102613763e-14,2
919.390000000011,65.8760000000023,184.8,3.95938379999928,192.8,4.80942099999973,-5.00023422056462e-14,-6.90337623530949e-14,2
919.09000000001,56.1739999999982,21.6999999999999,5.32391719999952,40.5999999999997,6.3752789999999,-1.06192406451596e-14,-6.32075599284187e-14,2
920.11000000001,61.1419999999988,236.7,3.62384279999963,188,4.65283519999998,-5.82625394651702e-14,-6.29453090261745e-14,2
919.010000000004,60.0440000000024,147.8,2.34878699999966,62.8999999999997,2.90802199999988,-3.1591475366244e-14,-6.12417163578526e-14,2
916.100000000011,76.3520000000014,138.6,5.03311499999972,161.6,5.77130520000009,0.893999999999879,2981,2
917.580000000011,63.9679999999982,161.8,0.872406599999495,139.8,1.56585799999989,-4.28726993934033e-14,-6.36137255663471e-14,2
914.900000000004,72.1400000000047,89.7999999999999,1.58822739999985,59.0999999999997,2.28167879999997,-2.53870910543745e-14,-6.46870349410596e-14,2
921.860000000005,54.1760000000011,215.2,4.07123079999954,242.5,5.5476111999999,-6.15840034023929e-14,-6.11364449398806e-14,2
918.360000000003,56.7140000000053,49.7999999999999,1.40927219999987,85.7999999999997,2.01324600000002,-1.61395358105892e-14,-6.89718875165909e-14,2
918.260000000006,82.4000000000046,211.6,2.05798479999974,88.8999999999997,2.95276079999999,-4.77576414636975e-14,-6.50090795112375e-14,2
916.300000000008,63.3019999999982,184.8,6.12921559999958,201.2,7.69507360000002,-5.50328695336774e-14,-6.17225118570983e-14,2
915.600000000009,87.3140000000003,15.4999999999999,3.28830179999972,45.2999999999997,4.63046579999987,-1.52006782827562e-14,-7.12123407596582e-14,2
922.100000000006,54.1400000000008,84.9999999999999,1.43164159999963,94.7999999999997,1.901399,0.0399999999999283,600,2
915.200000000004,66.5600000000057,48.8999999999999,4.47387999999984,59.8999999999997,5.21207019999993,-1.76484631325696e-14,-6.64222219011489e-14,2
918.600000000011,56.9479999999999,157,1.54348859999946,160,2.34878699999997,-3.91321350767802e-14,-6.91500066908608e-14,2
917.400000000011,74.0480000000027,182.1,3.08697719999935,201.1,3.89227559999972,-5.25938087636569e-14,-7.00846732246146e-14,2
914.610000000008,49.4419999999993,178.9,6.2858013999997,190.2,7.51611839999991,-4.41605318340919e-14,-6.82392727130445e-14,2
908.970000000004,48.6860000000048,147.7,8.00824519999979,183.1,10.5807262,0.160000000001626,330,2
917.180000000004,62.8340000000026,186.3,3.22119359999959,197.7,4.0264919999999,-5.15284867996793e-14,-6.62133084278216e-14,2
918.940000000001,46.634000000005,260.2,2.77380559999996,287.2,4.00412260000001,-6.55026830359567e-14,-6.87281861720696e-14,2
915.700000000002,60.5120000000024,79.0999999999999,8.23193919999993,88.2999999999997,9.43988679999995,-2.76134470234004e-14,-5.98860750031247e-14,2
923.630000000002,53.7440000000014,54.3999999999999,2.84091379999992,87.6999999999997,4.04886139999994,-2.02909654245521e-14,-6.26870037719057e-14,2
918.490000000011,69.5120000000026,149.5,1.92376839999937,155.5,2.70669739999975,-4.0436024742463e-14,-7.11356505762888e-14,2
920.590000000001,47.8040000000025,127.6,2.28167880000069,156.9,2.97513020000079,3.7099999999997,6670,2
913.630000000009,45.3559999999999,185.6,9.64121139999974,197.2,11.7439349999999,0.089999999999969,540,2
915.600000000007,70.2860000000049,121.7,1.76718259999974,165.3,2.52774220000001,-3.77188274780509e-14,-7.21569399154984e-14,2
912.650000000009,68.2700000000007,123.2,1.67770499999963,175.3,2.68432799999974,-3.87332233925397e-14,-7.17444846448652e-14,2
914.950000000004,39.5239999999988,274.2,2.16983180000037,263,2.86328320000068,1.75000000000045,6160,2
917.290000000002,78.2060000000048,51.4999999999999,7.18057739999981,67.9999999999997,9.19382339999991,-2.27969927990572e-14,-6.68973870791862e-14,2
914.620000000006,66.1280000000045,172.4,7.65033479999974,187,9.59647260000008,-4.87852063885135e-14,-6.77521662086084e-14,2
917.360000000008,60.5120000000006,179.9,3.64621219999968,198.5,4.5409881999999,-4.63791280269632e-14,-7.20498513288876e-14,2
912.990000000013,64.580000000002,172.6,7.02399159999945,183.7,8.67932719999981,-4.83124913130961e-14,-6.69231285138642e-14,2
919.520000000008,62.2399999999981,294.2,2.08035419999954,232.8,3.17645479999996,-6.98201298526821e-14,-6.55439738608819e-14,2
917.200000000008,75.6139999999984,138.3,1.94613779999978,128.2,2.72906679999981,-3.54074625980025e-14,-7.4343391980036e-14,2
921.730000000001,57.7760000000041,80.5999999999999,2.10272359999988,58.7999999999997,2.66195860000009,-2.2008016140052e-14,-6.11559876233251e-14,2
917.120000000012,57.3980000000002,136.7,1.49874979999949,100.2,2.12509299999989,-3.12133802915502e-14,-6.56574271971918e-14,2
915.500000000004,57.6320000000048,188.2,2.41589519999983,203.7,3.35540999999997,-4.89409340331819e-14,-6.90554254154114e-14,2
915.310000000011,78.8720000000024,212.4,1.6553355999994,189.8,2.08035419999974,-5.67335975004691e-14,-6.94537768609908e-14,2
913.270000000006,40.1000000000012,190.4,12.9295131999995,201.4,14.9203898,-4.73120168126285e-14,-6.38111253468972e-14,2
915.870000000006,76.5500000000048,224.5,2.16983179999972,215.8,2.90802200000001,-5.98882196695132e-14,-7.10562210778939e-14,2
919.420000000006,53.1140000000013,199.6,5.88315219999954,211,7.13583859999998,-5.09458671471564e-14,-6.78991857426544e-14,2
921.170000000003,59.3420000000048,180.8,6.82266699999995,190.4,8.25430860000004,-5.10444942758431e-14,-6.32576068061736e-14,2
917.690000000002,54.8239999999996,201.1,2.1250929999999,222.8,2.75143619999995,-4.92143905739261e-14,-7.3612585670818e-14,2
914.400000000013,79.9160000000021,174.4,3.9370143999993,190.8,4.89889859999976,-5.24338515411893e-14,-6.97041030027505e-14,2
921.440000000008,61.2139999999988,200.5,5.50287239999963,211.2,7.09109979999998,-5.80104298625315e-14,-6.12507069376599e-14,2
912.500000000005,57.3980000000057,123.7,2.66195859999972,133.8,3.86990620000003,-3.16753132889597e-14,-6.91282815219761e-14,2
909.860000000008,54.1399999999916,159.7,18.7231878000018,187.899999999999,24.472123600002,9.04999999999931,17704,2
914.860000000008,48.0379999999987,183.6,5.0554843999995,193,5.99499919999993,-4.47104490042258e-14,-6.80082226228729e-14,2
919.000000000011,69.8180000000022,238,1.67770499999931,269.3,2.16983179999977,0.0699999999999792,270,2
916.700000000004,69.4760000000013,302.1,2.10272359999956,292.8,2.9303914,-8.0566395052606e-14,-6.59038623472559e-14,2
918.380000000001,64.1660000000019,195.8,5.01074559999992,205,5.95026039999994,-5.64764285726495e-14,-6.27413071677137e-14,2
918.000000000005,60.3140000000008,187.5,4.2725553999996,207.6,5.54761119999991,-5.28953046446957e-14,-6.52136706996714e-14,2
917.540000000001,77.5040000000002,150.7,2.14746239999994,207,3.44488759999994,-4.91988148165756e-14,-7.21165282449588e-14,2
916.350000000002,44.7080000000057,176.1,9.52936439999999,187.3,11.8110432000001,0.0199999999994786,220,2
921.160000000003,57.2000000000039,188.6,3.0869771999999,199.5,4.63046579999995,-5.23947972869147e-14,-6.30297322994092e-14,2
914.870000000007,53.0779999999994,210.8,1.38690279999973,142.5,2.03561539999982,-4.23196596960328e-14,-6.90490171671722e-14,2
915.600000000002,76.2800000000012,188.4,1.85666019999993,173.8,2.37115639999993,-5.19875396759463e-14,-6.76732700141685e-14,2
919.300000000004,39.9560000000002,192.1,1.40927219999993,108.7,2.19220120000034,0.259999999999766,2770,2
918.000000000008,59.3419999999984,175.6,5.14496199999967,188.1,6.35290959999976,-4.63907651238046e-14,-6.87164469465039e-14,2
923.300000000005,58.8740000000014,69.7999999999999,8.12009219999954,86.5999999999997,10.0214912,-2.42087747931442e-14,-6.25713767993259e-14,2
916.170000000004,56.5700000000012,239.1,7.71744299999981,254.7,9.66358080000014,1.63000000000011,1860,2
915.930000000012,64.1180000000024,96.9999999999999,3.45234406666597,120.4,4.32475066666639,0.00999999999996106,9.99999999999993,2
918.350000000005,75.9200000000043,126.3,1.61059679999973,169,2.57248100000007,-4.33962103280066e-14,-6.7900014229934e-14,2
918.730000000001,53.9600000000046,184.1,5.59234999999996,195.1,7.09109980000004,-5.08877155441794e-14,-6.2140532672979e-14,2
919.480000000006,36.7520000000007,311.4,3.51199579999961,133.9,5.23443960000007,0.27000000000037,310,2
916.700000000012,49.8020000000012,171.7,6.44238719999942,199.8,9.10434579999982,-4.49592005652421e-14,19.9999999999999,2
920.750000000005,49.1000000000007,179.9,7.87402879999965,191.4,9.48462560000001,0.180000000000014,250,2
916.370000000007,76.7480000000006,206.7,4.04886139999977,215.3,4.83179039999985,-6.00488012564293e-14,-6.75422908796858e-14,2
914.250000000003,52.5560000000047,179,7.96350639999986,188.9,9.37277860000002,-4.80647126571703e-14,-6.36542488018105e-14,2
915.470000000004,64.9400000000049,174.4,1.29742519999983,219.9,1.92376839999995,-5.06105697906106e-14,-7.05563674693895e-14,2
917.040000000002,42.1340000000058,171.3,12.415017,190,16.553356,-4.35756614541878e-14,-6.49162759658337e-14,2
912.410000000008,47.4800000000005,61.3999999999999,8.63458839999971,73.3999999999997,10.6478343999999,0.099999999999996,400,2
914.430000000007,74.2459999999986,176.9,4.20544719999977,194.4,5.18970079999983,-5.32728505420186e-14,-6.67674935284077e-14,2
915.000000000007,58.0100000000006,190.1,1.20794759999964,246.4,2.23693999999974,-5.24389988820761e-14,-7.26025311620366e-14,2
917.300000000008,70.0880000000006,183.7,2.63958919999965,201,3.42251819999981,-5.22352132131809e-14,-6.88785129217279e-14,2
914.790000000008,48.2719999999992,218.6,5.61471939999964,171.1,8.00824519999995,-4.61468813522934e-14,-6.85107873557579e-14,2
918.940000000006,68.8100000000007,248.2,3.35540999999959,59.6999999999997,4.54098819999998,-4.67209155224912e-14,-6.12350192406857e-14,2
913.500000000005,68.2340000000054,181,3.10934659999975,190.8,3.75805920000004,-4.90443790995837e-14,-7.02247689471378e-14,2
921.110000000005,41.234000000001,197.1,17.7613035999996,114.7,20.356154,-3.89589265181734e-14,-6.21989404023254e-14,2
923.400000000003,42.6920000000052,192.9,2.57248099999995,87.2999999999997,3.46725700000005,-3.38283384637711e-14,-6.29416768808973e-14,2
916.620000000006,46.9220000000012,186.6,8.36615559999959,192.5,9.57410319999999,-4.66463814519092e-14,-6.53564875580111e-14,2
912.390000000001,41.5219999999989,35.3000000000002,3.84753680000169,50.4999999999993,4.56335760000161,6.02500000000026,14342,2
916.280000000012,71.6900000000023,185.2,4.02649199999929,200,4.74231279999976,-5.20681589399885e-14,-7.01451048829031e-14,2
913.660000000008,80.2040000000003,146.6,2.30404819999974,145.3,3.06460779999987,0.00999999999994723,29.9999999999999,2
917.900000000011,76.8020000000024,154.1,2.55011159999936,199.4,3.40014879999974,-4.93575752547049e-14,-7.06722287358034e-14,2
915.970000000006,63.7340000000047,205.7,2.39352579999972,220.3,3.08697719999998,-5.10121039215554e-14,-7.56782373698158e-14,2
919.780000000008,65.4980000000003,184.3,2.30404819999963,81.2999999999997,2.84091379999992,-3.8429822679653e-14,-6.42023660256402e-14,2
914.900000000011,53.9420000000011,164.5,4.00412259999942,185.2,4.98837619999983,-4.19789237260381e-14,-6.9845404362252e-14,2
923.900000000002,62.6900000000047,95.3999999999999,2.95276079999988,74.0999999999997,4.63046580000003,-2.58674126257801e-14,-6.38667425882661e-14,2
913.700000000009,98.906,192.7,2.12509299999975,53.3999999999997,3.3554099999999,-4.3001745789195e-14,-6.97970990795609e-14,2
917.400000000006,70.7360000000002,187,1.18557819999977,220.7,1.72244379999983,-5.42578349138622e-14,-7.0485404108506e-14,2
913.500000000007,56.336000000001,221.9,2.21457059999966,254.4,2.95276079999988,-5.7625083058066e-14,-7.15170643261772e-14,2
913.490000000008,65.3900000000007,172.3,2.63958919999963,187.5,3.44488759999975,-4.70057480828067e-14,-6.95617643278752e-14,2
919.100000000008,87.6020000000001,275.7,2.10272359999977,133.6,3.2659323999999,-6.18140047037307e-14,-6.73024767208767e-14,2
917.070000000003,47.1020000000031,162.2,4.54098819999982,184.1,6.48712599999992,-4.16725966428946e-14,-6.64127824498441e-14,2
920.100000000004,58.8200000000014,134.5,1.72244379999956,137.8,2.66195860000002,-3.49250452724715e-14,-6.78865553681303e-14,2
916.480000000006,72.1220000000051,170.6,4.69757399999973,182.7,5.86078280000009,-4.91291183180037e-14,-6.87295828014098e-14,2
920.100000000002,45.8600000000043,141.3,1.52111920000004,180.6,2.23694000000012,0.239000000000628,1786,2
913.050000000004,50.0540000000047,174.3,5.50287239999987,188.6,6.77792820000003,-4.55390372716696e-14,-6.50261405936454e-14,2
919.170000000001,79.9879999999999,167,5.07785379999998,183.7,6.64371179999997,-5.13051043704582e-14,-6.89949582667604e-14,2
924.460000000005,53.4560000000011,179.3,3.8922755999996,201.6,5.2120702,-5.14300069337504e-14,-6.14462500388163e-14,2
921.310000000002,61.3400000000049,48.0999999999999,7.78455119999982,55.7999999999997,9.1043457999999,-1.7641318553197e-14,-6.34647638102244e-14,2
914.900000000006,75.0200000000052,167.2,4.18307779999973,180.7,5.39102540000003,-4.89303149830983e-14,19.9999999999999,2
914.210000000003,64.4720000000053,99.0999999999999,11.9676289999998,110.7,14.1598302,0.00800000000011975,33.9999999999999,2
923.800000000003,55.1300000000016,55.1999999999999,3.01986899999956,47.0999999999997,3.84753680000002,-1.21159598215349e-14,-6.81451284345609e-14,2
917.900000000008,51.3859999999996,219,5.56998059999967,240.8,6.97925279999988,-5.65771199251274e-14,-6.79401720854458e-14,2
915.220000000012,73.2920000000024,148.3,1.78955199999935,198.5,2.90802199999972,-4.66964669987302e-14,-7.15624899685923e-14,2
919.110000000002,55.1660000000036,201.5,3.80279799999987,235.2,4.74231279999997,-5.93884441790763e-14,39.9999999999999,2
916.300000000011,68.7740000000027,67.6,4.11596959999939,78.9999999999997,5.18970079999971,-2.2117184395043e-14,-6.81047890582781e-14,2
921.550000000008,45.3379999999962,183.5,7.02399159999989,193.2,8.29904740000035,0.529999999999848,2940,2
916.200000000007,84.4879999999999,42.7999999999999,4.56335759999978,62.9999999999997,5.74893579999983,-2.13216656191894e-14,-6.92794857766468e-14,2
916.200000000007,82.814000000004,54.9999999999999,6.95688339999968,91.4999999999997,9.43988679999996,-2.3409179664147e-14,-7.365837083745e-14,2
919.700000000006,72.0140000000043,178.8,5.30154779999971,196.2,6.77792819999993,-5.18749513955811e-14,-6.89327645263267e-14,2
915.100000000005,57.0380000000044,186.9,4.11596959999962,201.6,4.94363739999989,-4.55742183408385e-14,-7.3494797262626e-14,2
920.510000000009,47.9839999999971,133.4,2.01324599999954,151,3.31067120000001,-3.11784037865244e-14,-7.07696227814075e-14,2
922.310000000007,58.9459999999982,200.8,3.53436520000015,223,4.65283520000035,0.749999999999837,3910,2
917.900000000007,82.8859999999993,46.7999999999999,3.89227559999979,77.3999999999997,5.12259259999981,-2.06817516251733e-14,-7.31518613829308e-14,2
921.240000000006,71.7800000000008,216.4,1.61059679999957,171.4,2.57248099999996,-5.563919473206e-14,-6.49382861449283e-14,2
918.400000000003,51.6020000000048,209.6,2.57248099999982,228,3.22119359999997,-5.10132784542488e-14,-7.19618229422254e-14,2
918.13000000001,49.3159999999996,308.1,10.2004463999998,184.4,13.0860989999999,0.0399999999998965,200,2
919.880000000006,61.5020000000008,192.2,10.9162671999995,201.7,12.5716028,-5.62801790671141e-14,-6.10841359730002e-14,2
918.700000000004,47.7860000000059,189.4,2.32641759999987,202.1,2.81854439999998,0.119999999999835,410,2
920.14000000001,64.0579999999971,50.3999999999999,4.20544719999955,61.9999999999997,5.0107456,-1.93839228113109e-14,-6.33420305651273e-14,2
918.000000000012,66.7580000000027,171.6,5.70419699999935,180.3,6.75555879999975,-4.66226142165072e-14,-6.98045214256332e-14,2
920.350000000008,46.8679999999963,181.3,7.42664080000023,193.7,9.23856220000062,5.55999999999975,5820,2
916.510000000002,75.4700000000014,137.7,1.05136179999992,180.5,1.61059679999993,-4.48404494618472e-14,-6.97950075539971e-14,2
917.400000000011,69.278,169.1,1.58822739999949,174.5,2.2145705999999,-4.84938856737392e-14,-6.5998009084884e-14,2
915.470000000005,79.5380000000049,67.9999999999999,2.99749959999974,88.3999999999997,3.84753680000007,-2.38808185504263e-14,-7.2598556680183e-14,2
917.010000000005,40.9999999999989,150.4,3.91464500000041,55.3999999999995,6.15158500000074,2.69000000000031,6440,2
912.060000000004,52.034000000006,186.3,2.34878699999976,141.2,3.15408540000007,-3.81586467645973e-14,-6.99566892255221e-14,2
915.900000000006,69.1340000000049,115.2,1.99087659999974,110.3,2.77380559999998,-2.90397204422149e-14,19.9999999999999,2
917.700000000003,59.4320000000053,90.1999999999999,1.65533559999999,120.8,2.34878699999999,-3.03649110328103e-14,-6.30900538319009e-14,2
919.85000000001,77.3600000000026,235.2,1.87902959999929,222.8,2.50537279999973,-6.16021339827633e-14,-7.24199784585282e-14,2
915.140000000007,59.8100000000004,168.8,6.4423871999996,176.5,7.51611839999991,-4.66663065967765e-14,-6.48654121859776e-14,2
918.260000000005,49.8920000000006,72.6999999999999,4.42914119999966,109.2,7.33716319999997,0.0200000000004068,167,2
918.880000000004,60.4760000000043,42.4999999999999,9.59647259999964,31.7999999999997,14.4058935999999,-8.8933908931614e-15,-7.11437454004054e-14,2
919.120000000007,79.3400000000046,167.2,1.49874979999974,168.8,2.12509300000006,-4.72679823837479e-14,-7.15528224802548e-14,2
924.110000000004,55.1840000000032,212.3,3.66858159999982,226.6,4.67520459999993,-5.62826023647881e-14,-6.61749589521434e-14,2
921.400000000008,75.2359999999987,60.8999999999999,4.0264919999997,75.9999999999997,4.9212679999999,-2.45759642636398e-14,-6.5807430491005e-14,2
916.45000000001,46.0219999999989,194.8,5.1449619999995,207.8,6.17395439999992,-4.78239159884539e-14,-6.73789249144854e-14,2
916.000000000012,61.0160000000025,180.6,5.9055215999994,194.8,6.93451399999976,-4.92677742658377e-14,-6.73815109972236e-14,2
917.300000000006,73.184,178.6,4.67520459999978,183.7,5.25680899999983,-5.03562429698956e-14,-6.91043817217798e-14,2
919.550000000005,39.5239999999977,212.4,12.3926476000009,217.1,13.5111176000012,5.05999999999926,10329,2
919.330000000009,53.9419999999976,163.9,1.61059679999959,203.9,2.28167880000002,0.209999999999975,610,2
922.820000000008,55.0939999999991,59.8999999999999,2.75143619999972,75.7999999999997,3.44488759999993,-1.96334065921676e-14,-6.29969375484652e-14,2
914.490000000014,77.7380000000025,44.7999999999999,9.5069949999993,54.2999999999997,10.8715283999998,-2.0592093594174e-14,-6.61166112928008e-14,2
916.420000000011,46.5619999999999,168,7.02399159999961,182.9,9.4622562,0.572999999999907,1105,2
917.610000000007,69.2959999999987,228,2.03561540000045,263,2.6619586000005,1.79999999999963,5510,2
916.690000000005,79.2140000000045,18.3999999999999,1.65533559999978,66.3999999999997,2.48300339999994,-1.6807199795799e-14,-6.92418095298037e-14,2
911.270000000012,59.8280000000023,218.3,2.25930939999926,235.9,2.97513019999978,-5.40897235001836e-14,-7.42916615899274e-14,2
918.46000000001,79.4480000000021,177.9,2.93039139999931,187.6,3.48962639999979,0.0499999999998988,140,2
916.400000000001,48.0380000000037,264.7,4.02649199999985,299.2,5.86078279999996,-7.14550153657626e-14,-6.35133905732568e-14,2
915.290000000003,50.6120000000044,153.8,4.4515105999999,185.3,7.20294680000002,-4.1933166597397e-14,-6.63596968139573e-14,2
918.600000000005,64.3820000000049,177.1,2.46063399999983,190.7,3.06460779999996,-4.96355999107805e-14,-6.67041322129099e-14,2
919.390000000001,67.0640000000024,170.8,5.45813359999996,190.5,6.86740579999995,-5.14461471673447e-14,-6.43787342845267e-14,2
913.000000000008,52.3219999999994,174.8,5.95026039999967,184.5,7.27005499999991,-4.31651702964551e-14,-6.92067611919592e-14,2
913.930000000008,81.7519999999983,120.9,2.90802199999978,141.1,3.73568979999979,-4.00017985707766e-14,-6.94298280139169e-14,2
916.260000000004,69.0080000000041,68.5999999999999,2.70669739999969,79.4999999999997,3.26593239999988,-2.19280742647103e-14,-6.86207033015489e-14,2
914.960000000005,66.7760000000051,172.7,4.98837619999972,183,5.81604400000008,-4.98666528819808e-14,-6.52821720459348e-14,2
916.830000000002,64.9940000000034,189.4,9.08197639999982,195.5,10.4465098,-5.46321935329666e-14,-6.32837463897264e-14,2
916.080000000012,61.2860000000024,155.4,1.96850719999937,191.4,2.68432799999972,-4.32496608304689e-14,-7.08522369830005e-14,2
917.100000000002,43.5920000000052,211,8.27667799999996,220.8,9.43988680000002,-5.03668180384948e-14,-6.83410110710621e-14,2
918.600000000006,40.2800000000008,163.8,3.15408539999954,198.2,4.5186188,-4.56638361429063e-14,-5.97394304344139e-14,2
917.180000000004,49.1900000000052,146.5,1.56585799999983,150.5,2.32641759999997,-3.28284450235033e-14,-7.10395538616756e-14,2
921.300000000002,46.2380000000037,231.1,3.33304059999986,253,4.80942099999999,-5.80102642755435e-14,-6.78264654351016e-14,2
918.670000000007,71.9960000000042,177.2,2.72906679999968,197.3,3.55673459999998,-5.15804354644937e-14,-6.89196524621145e-14,2
913.770000000008,49.4239999999988,175.8,12.5716027999997,185.3,15.3677777999999,-4.43759365337246e-14,-6.70672879447832e-14,2
918.680000000007,64.8680000000041,115,1.27505579999968,149.8,1.78955199999994,-3.00733793229261e-14,-7.69815835216532e-14,2
916.070000000006,77.6660000000032,198.1,2.32641759999981,216.7,3.06460780000001,0.390000000000473,899.999999999999,2
912.900000000002,37.0400000000012,303.7,4.27255540000114,291.5,5.86078280000114,22.0219999999992,9973.99999999999,2
919.400000000006,77.7380000000005,200.2,0.984253599999758,254.4,1.70007439999985,-6.34894143480835e-14,-6.90527927033063e-14,2
917,77.8639999999998,234.7,1.16320879999995,250,1.61059679999996,-6.58638398376432e-14,-7.11816674658916e-14,2
911.680000000008,62.8699999999986,180.2,11.0057447999996,186.9,12.7729273999999,-5.24868559753641e-14,-6.20509427971816e-14,2
915.390000000012,71.4200000000018,183,2.16983179999946,207.7,2.68432799999979,-5.24523171369085e-14,-7.02733122776036e-14,2
914.800000000005,67.6580000000052,193.3,1.61059679999974,221.2,2.23694000000005,-5.59706536340526e-14,-6.75302435332334e-14,2
924.290000000005,62.3300000000009,43.1,2.30404819999957,61.7999999999997,2.86328319999991,-1.63727071650355e-14,-6.56489651501562e-14,2
918.000000000007,82.3639999999997,109.4,1.81192139999977,162.4,2.63958919999983,-3.98735454737453e-14,-7.20236661491682e-14,2
919.700000000011,73.8140000000023,227,1.40927219999928,255.4,1.90139899999973,-6.46978234375429e-14,-7.06718157390833e-14,2
920.610000000009,65.0299999999985,191.2,2.55011159999954,194.7,3.75805919999993,-5.38634874758245e-14,-6.41371678988811e-14,2
919.000000000002,63.4640000000016,95.9999999999999,0.782928999999953,105,1.23031699999989,-2.90992973606132e-14,-6.50079229856665e-14,2
921.860000000002,38.588,209.9,3.57910400000189,172.199999999999,4.33966360000185,18.0799999999995,15800,2
913.640000000004,74.5160000000048,219.4,1.85666019999982,229.3,2.28167879999996,-6.04768975259744e-14,-7.06711801315448e-14,2
917.730000000006,76.1360000000045,85.8999999999999,4.29492479999973,42.7999999999997,5.95026040000006,-2.20094056480052e-14,-6.84308169643394e-14,2
917.35,77.7560000000002,40.4999999999999,2.05798479999995,96.6999999999998,3.86990619999993,-2.27424058668602e-14,-6.98090253749284e-14,2
920.020000000012,71.1140000000024,92.6999999999999,3.40014879999937,66.5999999999997,4.83179039999976,-2.37343360964815e-14,-6.92950195835278e-14,2
919.710000000007,43.6820000000008,210.3,5.0107455999996,225.4,6.5766036,0.00999999999993412,200,2
918.660000000007,57.2720000000005,286.3,3.93701439999955,312.2,5.48050299999992,-7.6649514899052e-14,-6.69854549696653e-14,2
910.450000000002,47.8220000000011,171.9,14.4282629999999,188.7,18.0744752,0.0100000000001726,74.9999999999999,2
916.840000000003,55.2740000000046,51.6999999999999,4.94363739999988,71.8999999999997,6.24106260000004,0.010000000000195,110,2
919.760000000008,64.8139999999968,214,4.29492479999956,232.1,6.12921560000002,-6.0349217484434e-14,-6.60918632058854e-14,2
919.4,79.1779999999996,150.1,2.41589519999994,180.7,3.57910399999995,-4.64343452910575e-14,-7.19695322115575e-14,2
919.970000000003,64.1840000000023,185.5,0.738190199999862,215.2,1.31979459999997,0.0100000000002784,9.99999999999993,2
915.200000000004,59.9720000000047,168,1.9908765999999,186.2,2.46063399999999,-4.71580808042443e-14,-6.54491721943668e-14,2
912.000000000008,56.1379999999983,137.3,3.08697719999966,166.4,3.84753679999973,-3.61569201190456e-14,-7.07022916129895e-14,2
925.310000000001,57.3980000000041,184.9,2.97513019999989,205.6,3.84753680000005,-5.34877384411607e-14,-6.20311253696229e-14,2
917.380000000011,73.6160000000026,171.1,5.79367459999937,179.5,7.02399159999973,-4.9042154318113e-14,-6.92370882557374e-14,2
917.600000000008,74.1199999999981,179.1,2.14746239999966,190.7,3.46725699999988,-5.35998682910097e-14,-6.58171152044526e-14,2
917.090000000005,55.2740000000037,198.3,6.01736859999967,207.4,6.9568833999999,-4.94538511641721e-14,-7.02375018500638e-14,2
917.000000000003,51.2960000000054,151.7,3.0646077999999,183.2,4.8541598,-4.54051753528978e-14,-6.02913651150136e-14,2
914.600000000006,62.3660000000046,200.4,1.58822739999971,235,2.10272359999999,-5.16277313150631e-14,-7.57844132406889e-14,2
918.600000000006,72.8240000000049,186.2,6.30817079999974,191.8,7.00162220000004,-5.42089122951289e-14,-6.62607341168927e-14,2
920.740000000004,59.090000000002,180,8.99249879999962,194,10.7596814,0.0800000000000888,520,2
912.900000000013,78.3320000000021,167,7.82928999999946,177.1,9.88727479999981,-5.03259448447757e-14,-6.84325425895375e-14,2
914.560000000013,76.2260000000025,173.3,6.6437117999993,185.4,8.05298399999975,-5.18789294662315e-14,-6.77336447457727e-14,2
913.850000000006,79.7359999999995,191.7,3.10934659999976,207.8,3.98175319999983,-5.69412462320117e-14,-6.92630732865297e-14,2
920.330000000007,68.8640000000001,122.4,2.03561539999978,182,3.08697719999983,-3.96058755597339e-14,-7.2235105390284e-14,2
918.260000000007,82.2200000000002,186.6,1.09610059999971,221.5,1.72244379999988,-5.6333475362269e-14,-7.31752843492755e-14,2
911.600000000008,46.3460000000004,110.2,2.30404819999957,96.0999999999997,3.15408539999991,-2.16771476602151e-14,-6.88146950762752e-14,2
919.200000000012,70.249999999999,156.7,2.01324599999947,172.3,2.6172197999999,-4.45278217103825e-14,-6.99327918164687e-14,2
917.920000000006,84.6500000000041,29.9999999999999,4.83179039999971,40.0999999999997,5.8384133999999,-1.74111871226183e-14,-6.84404890517759e-14,2
913.870000000012,66.9380000000026,171.9,6.50949539999937,182.3,7.47137959999973,-4.67164207901272e-14,-7.01178373654926e-14,2
917.200000000006,65.2640000000042,137.6,1.76718259999967,176.7,2.55011159999989,-3.99690458868788e-14,-7.15763273081999e-14,2
916.130000000008,50.1079999999985,211.4,2.55011159999965,231.8,3.53436519999991,-5.13550877934141e-14,-7.17186377327539e-14,2
917.130000000007,80.2400000000002,183.3,1.63296619999975,38.4999999999997,2.25930939999989,-3.59241046354874e-14,-6.66010857804105e-14,2
914.840000000003,47.3540000000055,190.9,3.71332039999981,204.4,4.65283519999995,-4.51375153864847e-14,-7.05742440321198e-14,2
921.260000000004,52.646000000001,261.9,2.03561539999953,260.5,3.04223839999995,-6.15745989390737e-14,-7.28707371472354e-14,2
914.000000000008,66.6499999999986,173.8,8.36615559999969,181,9.43988679999989,-5.01732276614317e-14,-6.48956656953969e-14,2
918.900000000005,63.1040000000008,192.9,3.8699061999996,207.3,5.21207019999991,-5.49292552443071e-14,-6.44466045120201e-14,2
918.710000000009,49.5679999999994,241.6,1.81192139999964,227.4,2.37115639999994,-5.47196712580298e-14,-7.12161949842363e-14,2
