Clump,UnifSize,UnifShape,MargAdh,SingEpiSize,BareNuc,BlandChrom,NormNucl,Mit,Class
923.040000000008,60.6379999999988,51,17.0678521999997,63.6999999999999,22.1009672,0,20,8.90000000000005,1
920.502751175919,70.1388948683005,198.832132717464,4.3373630561627,211.203341243256,5.19004536021938,0,0,12.1891018687644,1
921.125625973345,68.8187718944121,71.7990922763454,2.57653776671464,95.4723335617643,3.48744358739647,0,0,11.7422012298629,1
923.600000000002,59.8820000000033,192.8,4.29492479999991,203.5,5.18970080000008,0,0,22.4700000000004,1
921.969951282133,60.9553415264257,164.621485996141,1.66444229894694,195.77996752142,2.36718113263113,0,0,12.1096289018911,1
916.050000000005,87.1880000000049,210,1.5658579999998,109.3,2.59485040000011,0,0,12.8799999999999,1
920.230000000009,67.3159999999995,153.2,1.23031699999976,136.9,2.08035419999993,0,0,13.89,1
923.018549964785,70.3305324254479,152.563542146049,3.05969603860011,181.274779995297,4.26903762495611,0,0,22.8596841746828,1
919.090000000006,76.7660000000047,166.2,1.29742519999981,199,1.81192140000012,0,0,19.7399999999998,1
917.800000000008,73.7779999999993,181.9,0.939514799999804,185.3,1.54348859999982,0,0,11.4799999999999,1
921.290000000007,83.2279999999985,162.6,2.66195859999974,194,3.55673459999976,0,0,16.5000000000005,1
922.060000000006,61.7540000000012,56.2,10.4241403999996,76.9999999999999,13.42164,0,0,17.7000000000002,1
921.390000000011,76.0820000000022,225.1,1.9013989999994,251.1,2.57248099999979,0.0399999999999636,300,47.5200000000009,1
915.914435739919,69.3888731067296,46.7361705829601,10.9769507678848,64.6446823318402,14.2976171374237,0,9.39715695066505,8.49833536323128,1
921.540000000009,43.1600000000004,52.5,23.5549781999998,67.9999999999999,29.8407796,0.0499999999999545,100,19.38,1
919.773405629666,68.7237999490528,55.2271327717035,16.1264290470658,74.3045164577248,20.8238907910113,0,0,15.0581500391181,1
919.56133269064,69.1655206497228,137.144875638807,1.3828941853983,123.019030656538,2.0316067853985,0,0,15.9354466403358,1
921.634899613727,65.8972904472465,73.4864185786758,3.01697200289608,93.2822348396703,4.01896733652484,0,0,10.7202691115556,1
921.933298402703,64.6182692196922,73.213445111374,3.81559198132138,92.0331936107825,4.73350099966881,0,0,12.2849738020218,1
923.831559617845,50.0021229721113,198.889160321009,5.90643360032665,215.506794999173,7.165717543258,0,0,39.9398867237962,1
919.900000000005,56.0480000000008,58.8,3.86990619999968,70.2999999999999,4.54098820000002,0,0,18.9499999999999,1
921.211065935867,59.810763056161,55.3031429974202,17.8962918760592,76.7420222513829,23.439768470185,0,8.21318717287235,8.76294502617062,1
917.706223618099,81.4513334868718,121.881811604319,1.73464161254123,83.9506211613678,2.42770359673129,0,0,15.9051083503939,1
919.477927109483,68.0600429854772,47.04658845067,10.567383294021,64.8812472957368,13.6928726045645,0,6.53411549330048,9.37442419707694,1
916.817673363836,84.2874557909034,208.118349512384,1.8927379623924,108.319139639434,3.08517034358898,0,0,13.6867076026693,1
924.390226490481,66.0990871543035,63.3111541948455,9.6501786146221,72.4516289182534,11.3160256843595,0,0,13.0935339735723,1
918.300000000003,64.0040000000046,71.7,6.62134239999994,82.4999999999999,8.03061460000004,0,0,8.73000000000034,1
915.836125758105,70.5523365576696,178.217735796425,3.33739821215165,186.363765214366,4.14272100095854,0,0,10.9153861554527,1
919.615885150661,71.2999115731544,47.0424304700017,4.26662253760656,80.4715420897931,6.04642215695395,0,0,14.4230534515301,1
923.054433023642,65.1635702241293,151.842543965489,3.54404549357856,181.171008101814,4.94376453848197,0,0,11.9997909251093,1
916.650000000006,89.4020000000038,185.2,1.72244379999977,217.5,2.19220119999991,0,0,12.0500000000005,1
920.527758707527,60.4333692233317,55.1938329513595,12.4827926426958,73.4278515123195,15.318981880856,0,0,18.1363726169286,1
917.0108507616,85.7193599078613,116.25866993447,2.32702194248893,49.7297571471868,3.09794543997503,0,0,15.6687465670301,1
920.875951650568,74.2085841601973,60.5224427191026,8.16179218267373,76.0168320393268,10.2690316326328,0,0,15.6605556554781,1
920.902599263186,56.9947166813029,70.7435322062195,2.90172260837731,63.9995128269942,3.51152716586981,0,0,21.6783848801365,1
921.565442356086,64.3435908061662,65.2314497785837,11.0532606948277,81.5886986715019,14.2489663548485,0,0,14.1197216560896,1
917.803773600585,77.0278834952158,178.478373614306,5.3529334986548,192.95315752022,6.3666098242615,0,0,19.9366651977444,1
916.472388218546,75.9300744959892,177.855503260135,4.9001033253861,193.524122011543,5.90216862090893,0,0,19.7446135052085,1
920.33059589022,72.2424906483287,149.918829133908,2.81538737612784,179.096480430278,3.96359576428042,0,0,18.8347206454167,1
923.281852304832,48.7421985311827,46.5709468030777,14.1572401339683,67.5341049373667,18.2085504717643,0,17.7473674628436,17.2506318089179,1
920.042264327172,69.2287265250372,47.2157986444117,21.1806440675302,64.2189409489117,26.4491047532517,0,34.2315972888234,14.7632026624179,1
919.490000000008,85.5499999999984,95.8,3.17645479999974,51.1999999999999,4.04886139999976,0,0,16.0800000000005,1
916.542732553698,76.5327258420449,174.008328036989,3.72983912281324,184.930253802825,4.7199433999999,0,0,12.4023486716474,1
921.411886397117,62.0270778457753,63.2084384789555,8.24701686148149,79.125537622146,10.4455476972134,0,0,19.0146002945802,1
919.421645255054,68.220011320101,140.302393714029,1.2168932164386,123.644713961766,1.86560581643876,0,0,16.4127120452542,1
920.519457466034,81.3717456550001,159.72253539945,2.61443922261779,190.369373524138,3.53945482640635,0,0,15.8221543122198,1
919.968818645262,66.6956672975167,64.4228939064612,9.36189096393845,74.978914785077,10.8475151016401,0,0,17.8273146395782,1
920.181294656664,58.9081093132383,57.9008854960288,9.39512067868866,75.7243358779783,11.7354312129776,0,0,18.9331419846211,1
923.038403339723,60.636998458547,51.0001209591126,17.0708015032212,63.7022982231381,22.1049176428471,1.20959112527731e-05,20.0483836450144,8.90215307220319,1
917.600000000007,81.9139999999995,90.4,1.67770499999985,121.4,2.34878699999985,0,0,29.99,1
919.013672319594,62.5974317162136,166.847158581052,3.64305020822309,190.070012229707,4.86982111571208,0,0,22.3701594784011,1
917.200000000012,74.1379999999997,176,3.06460779999956,191.4,3.71332039999993,0,0,13.3200000000011,1
918.637062305999,73.4299449134955,181.467475404199,1.02488523258775,186.394032801143,1.63455039476039,0,0,12.9607606750355,1
916.737056519026,77.3766741097983,184.193505729432,3.33413799839243,201.332611747715,4.04837715687959,0,0,31.2160768295301,1
921.510533859309,60.5102153846154,45.9531176857407,20.7243810908015,58.418303747545,25.5275498361496,0.00999999999971702,54.0152531229542,11.4580170940161,1
918.511139618964,77.6243996684321,127.561512312345,2.13071480864017,45.5852959492865,2.8581986122404,0,0,16.13129142141,1
922.717976713591,72.0557052872475,67.9193231388861,6.52273958506984,92.2171761234541,8.32862091704992,0,0.644104629533544,12.9978602814922,1
922.163428541292,60.7377665836249,62.9966711024896,5.58310956949533,75.0916154788648,6.74218097708247,0,0,26.8120969822808,1
918.800000000005,80.3840000000038,189.6,1.76718259999977,80.2999999999999,2.77380559999994,0,0,24.5900000000004,1
920.969243150126,69.0119310284792,197.202837469509,4.46816747586053,210.037059245413,5.89278859482604,0,0,14.2943250609821,1
917.33441085369,67.003168458046,66.1548716082241,4.73837195122825,79.241465254793,5.7868742135203,0,0,18.7209743216448,1
922.980000000006,63.3740000000006,125.3,3.64621219999966,98.5999999999999,5.41339480000011,0,0,15.84,1
919.980664309712,64.0920994358778,51.9714116304072,22.0917328714967,73.3519572421276,27.5350596884197,0.0235705815203355,125.107947555661,12.6471056423117,1
923.720000000004,58.2080000000048,191.2,4.83179039999998,99.4999999999999,7.49374900000003,0,0,20.9400000000002,1
919.738160585388,67.4327443006116,147.470881543995,1.15777533449612,129.981819222938,1.89900003624083,0,0,15.4411858461069,1
921.615698415598,76.0290755246311,173.821184745309,1.36787203059561,202.905069869497,1.84010013223833,0,0,14.7893791654443,1
921.480230558685,59.6836886299451,47.1296834644832,16.5772720619514,60.8017298336404,20.1119595311782,0.0026512960881195,42.6512960881219,17.0946979226671,1
920.288154912912,75.7652368630875,91.578831664582,1.27115043064307,88.194484365701,1.89749363064312,0,0,13.2228815845622,1
917.461900406092,55.5116242360344,61.0265802068871,7.93305631919895,73.8091251692036,9.2393581175989,0,0,20.6142109360129,1
918.355310727325,64.1736853562958,53.7577078569541,14.5585977567743,72.168200194582,17.2649341230092,0,0,19.5094995135449,1
921.610000000007,64.8680000000013,65.3,11.7663043999997,81.9999999999999,15.211192,0,0,13.2200000000003,1
920.334776901395,83.0042047325003,53.8869959021659,13.7088767872178,75.0405869394091,17.1720933180115,0,0,25.6478191811032,1
923.634016989317,62.5605117305458,62.9307001548906,13.1532427358622,87.4007759065776,17.5508237839581,0,0,16.4866794876418,1
917.848286537763,72.3595339314334,174.71543223075,2.91690447624634,191.976254700224,3.57904465113334,0,0,13.0342737111399,1
920.810000000002,59.0720000000021,181.6,9.01486819999964,186.3,9.9096442,0,0,20.05,1
920.372656569366,75.5683753924782,183.709305991644,3.1683168867222,191.76751252425,3.87547001115589,0,0,12.7482236990746,1
922.883180104247,69.7777170642021,194.01658573895,3.28598689755169,219.82870400013,4.35620590719768,0,0,19.281667200234,1
924.31828030333,71.8733558354326,196.907264536946,5.92507238342174,216.190067570195,7.46531091676684,0,0,15.2633397838051,1
918.269919389887,53.559018294594,89.810693132712,5.08593136889358,97.3363786045272,7.97481745186301,0,0,18.6559053488685,1
919.125090533986,62.9906724728916,168.813362364443,3.85319024747027,191.599281839011,5.21190955169581,0,0,20.8758446030235,1
919.407404511001,64.496477349154,54.7105280158114,8.38148586110755,68.6270341882864,10.3207999317419,0,0,16.7193789177156,1
919.561376073297,61.8557197995937,55.9887824952466,6.97129233650664,69.149956475328,8.51419255921169,0,0,17.416608633771,1
918.846598183232,74.938012503522,185.395861246661,3.06333563712281,189.244245940516,3.83191118855142,0,0,8.69174631544128,1
919.762753114936,77.6721435325803,179.419266538193,5.33070988001371,191.855452222997,6.30634386202474,0,0,19.8070218940241,1
919.180000000011,74.8400000000007,51.7,21.3404075999995,76.0999999999999,26.3511532,0.00999999999999091,138,9.1900000000012,1
919.282942348936,63.3349599164419,44.9211461330772,4.41914842291173,80.7422922661541,6.23053757200891,0,0,16.2586594820427,1
924.02549958307,60.1092415698597,54.0323064094335,18.8272155201875,71.6598043247628,23.4787818483397,0,10.5240424705204,12.90833003497,1
920.020000000009,74.5519999999968,199.7,4.65283519999964,211.8,5.61471940000003,0,0,10.7300000000003,1
921.370000000008,60.9799999999989,42.5,21.5417321999997,53.5999999999999,25.6353323999999,0.00999999999999091,50,11.9800000000001,1
922.412658689933,64.0185369309522,127.981695263461,3.25091611913167,102.552787816084,4.84472324506715,0,0,15.9826103839528,1
921.056646730222,58.0851906925732,60.3235400478644,4.20375772731428,71.9168180099784,5.01394453036231,0,0,21.9348947876524,1
919.300000000001,63.6080000000024,171.9,4.18307780000004,194,5.74893579999997,0,0,18.5300000000002,1
922.352876019983,69.3988107060574,69.9542525741189,6.14778505943799,91.6174507625632,7.73843862236165,0,0,12.7296686033922,1
916.824510518959,86.6766043902803,118.66643711466,2.35980647728233,45.9192038707117,3.17288151950273,0,0,18.1581684602877,1
920.759139874448,66.6875482260059,197.934219642243,4.17135779263973,210.517641606467,5.05058642095396,0,0,13.5990427863778,1
918.210000000007,49.8560000000013,89.5,5.54761119999961,99.5999999999999,8.99249879999993,0,0,18.0900000000003,1
919.901807219287,72.9823710589138,56.4054618538101,6.80400790974873,73.6672958703985,8.41706326359136,0,0,12.5255836216707,1
924.571260179009,60.4212402562396,161.768827313603,1.9954691615036,167.097738857857,2.98458508510383,0,0,10.0187096724376,1
917.485232357237,83.6369741968743,199.353185422714,1.67092984735499,94.1648224146423,2.68824759764909,0,0,18.9914803284324,1
916.500000000007,85.5859999999996,121.1,1.29742519999983,80.5999999999999,1.74481319999987,0,0,15.9199999999999,1
919.3224913343,72.2093725646678,181.438638989608,2.7169116808986,186.786607700152,3.3552867108516,0,0,12.3412072193985,1
921.557539920745,64.2505852210053,65.2192921857522,10.9268001982833,81.515753114513,14.0783126740279,0,0,14.2792900620029,1
919.90757872772,63.8584445820022,74.0288866880404,7.89479523705318,81.7560500857648,10.3170412847092,0,0,11.9451574554338,1
921.520000000007,59.2160000000009,48.8,14.7861733999996,63.3999999999999,18.1192140000001,0,40,18.94,1
921.559753985231,70.9458668828601,166.212920088324,3.97513662138001,210.303123490445,6.39681211385535,0,0,15.4526310296335,1
920.736640702005,69.5320769560828,183.126655247533,4.01966629439024,189.555221481271,4.80268241649442,0,0,14.5923648578976,1
921.61337253065,68.658972565101,70.7035554621347,2.24893157454922,96.8447011960462,3.04304912088379,0,0,12.383206793771,1
920.986186534733,57.0736449901738,71.7392712880389,2.82100459096764,63.4742376232822,3.42570041318103,0,0,21.9058518813962,1
921.620473116103,75.3656238416098,178.061091391296,1.88643668495843,203.356990732857,2.42544026607054,0,0,13.1718129770624,1
917.447472909962,75.7003020353096,147.950180600294,2.64351686956279,50.8480477264462,3.84954834588976,0,0,25.7883229550448,1
920.710000000009,50.4140000000004,45.7,16.2849231999998,58.3999999999999,20.7588032,0,20,11.43,1
923.770000000002,71.7800000000041,197.5,3.8699061999999,211.3,5.14496200000007,0,0,13.7000000000003,1
918.125062235076,68.2441497729443,54.6622555050986,16.2509116756442,73.23721105148,20.7047461102776,0,0,16.8369723713009,1
918.700000000004,69.4220000000046,161.1,0.782928999999939,193.6,1.18557820000005,0,0,18.1800000000004,1
920.791124402495,59.0778176599844,55.8355748507957,17.7440938969273,77.4560014989496,23.3713404962335,0,8.62979042329732,9.69013367940525,1
922.650140477869,59.8118017205717,194.327281680088,4.4660585821975,102.396850398397,6.91201449785788,0,0,21.4864513251525,1
914.621061536156,74.4035419684017,176.989385513988,4.27043096028907,194.318063278845,5.25635081055292,0,0,19.4775605334794,1
919.900000000011,70.4840000000008,46.1000000000001,21.0496053999995,64.9999999999999,26.7985412,0,32,15.7200000000012,1
918.790000000001,61.808000000004,162.9,3.22119359999994,187,4.18307780000012,0,0,25.3700000000003,1
922.600000000002,59.3240000000039,165.3,1.83429079999997,196.2,2.59485040000009,0,0,10.9400000000003,1
918.108730104065,66.6197252101688,207.60217354199,2.91357600197525,114.693592333633,4.4426294541489,0,0,23.8060640083905,1
922.57206484933,60.671663851368,139.877384733899,3.05259823271448,145.640314473939,4.79479395289783,0,0,18.9390166135865,1
922.302774167898,69.0281820407631,197.807809615127,3.97318894606927,210.992190384873,4.98429995055862,0,0,13.5563555129408,1
918.300061513806,55.4218015527397,89.9669856271028,4.85368583522619,96.1976761453944,7.46287837227361,0,0,18.9405809636517,1
919.721008002923,70.2349850446951,118.161587019447,3.32550979082819,161.676002750261,4.96445992068158,0,0,18.7833775497216,1
921.862506840693,61.4066874349083,75.1524965494139,2.55063182112172,62.9518810082845,3.07034550749347,0,0,21.6302701649151,1
924.790000000009,68.3059999999985,56.5,14.9874979999997,76.9999999999999,19.6179638,0,0,10.9700000000001,1
918.700000000002,74.4440000000021,181,0.917145400000028,127.6,1.34216399999997,0,0,12.7200000000003,1
919.517596583516,75.6289488166039,120.844043785946,2.12428637587935,121.61857695677,2.79490384723641,0,0,14.1332887990863,1
916.540000000008,80.3839999999984,99.3,1.09610059999986,96.7999999999999,1.47638039999981,0,0,13.22,1
920.080777067159,60.966454006613,163.71308791632,2.75132947175408,190.116837012559,3.64500758862177,0,0,20.4813089031276,1
924.017856259531,68.3703068965938,56.3040829315205,15.1627998908655,76.585116796161,19.8035775667991,0,0,11.5992395258226,1
916.260000000013,79.7720000000021,185.7,3.51199579999936,201.5,4.1607083999998,0,0,27.6800000000011,1
917.400000000011,69.2779999999999,169.1,1.58822739999956,174.5,2.21457059999992,0,0,22.2400000000011,1
914.960000000005,66.776000000005,172.7,4.9883761999998,183,5.8160440000001,0,0,27.4,1
917.600000000008,74.119999999998,179.1,2.14746239999973,190.7,3.4672569999999,0,0,11.69,1
915.710000000005,78.0440000000046,53.1,4.27255539999985,72.6999999999999,5.18970079999998,0,0,26.5300000000003,1
912.600000000006,58.4060000000054,172.7,3.82516739999982,189.1,4.76468220000004,0,0,64.8400000000001,1
909.190000000003,46.4900000000038,111.3,2.77380559999992,29.4999999999999,3.89227559999996,0,10,48.8500000000006,1
915.150000000007,84.2360000000053,203.6,1.11846999999981,212.6,1.83429080000005,0,0,35.4700000000003,1
920.750000000005,49.1000000000007,179.9,7.8740287999997,191.4,9.48462559999999,0.180000000000064,250,91.7000000000001,1
917.120000000004,45.8960000000048,179.2,3.40014879999999,195,3.98175320000002,0,0,89.0300000000002,1
910.340000000008,50.7199999999995,174.7,10.7820507999998,192.7,13.3992705999998,0,0,87.6999999999999,1
915.640000000002,66.4700000000022,181.5,9.37277860000002,187.4,10.2004464,0,0,14.7100000000003,1
915.600000000001,56.2819999999996,178.3,3.19882419999998,201.7,4.16070839999996,0,0,89.9500000000001,1
915.560000000008,57.3080000000004,180,9.48462559999963,185.1,10.3794015999999,0,0,37.2100000000004,1
915.700000000006,72.5900000000047,186.2,3.40014879999982,196.8,4.11596960000007,0,0,32.7200000000002,1
915.200000000004,59.9720000000046,168,1.99087659999998,186.2,2.46063400000001,0,0,35.9200000000002,1
919.000000000004,61.2500000000011,182.2,5.61471939999964,191.5,6.73318939999999,0,0,32.1600000000001,1
914.900000000007,78.6199999999991,203.3,1.81192139999987,240,2.75143619999983,0,220,47.8899999999998,1
915.070000000012,58.0460000000025,186.2,7.69507359999947,195.6,8.99249879999975,0,0,55.2000000000011,1
911.000000000008,86.4319999999983,202.9,1.20794759999985,162.9,1.67770499999982,0,0,15.19,1
916.330000000011,68.4140000000024,170,6.24106259999943,183.5,7.58322659999974,0,0,31.2200000000012,1
917.690000000007,75.038000000004,79.7,3.13171599999975,82.7999999999999,4.8317904,0,0,48.5300000000004,1
916.250000000006,79.754000000005,48.6,1.0737311999998,99.7999999999999,1.58822740000003,0,0,41.9900000000002,1
919.780000000008,65.4980000000002,184.3,2.30404819999969,81.2999999999999,2.84091379999992,0,0,36.2400000000004,1
916.350000000002,44.7080000000057,176.1,9.52936440000005,187.3,11.8110432000001,0.0199999999995271,220,92.1900000000001,1
913.700000000009,64.8860000000007,185.9,3.46725699999974,197,4.09360019999985,0,0,38.2200000000004,1
916.660000000001,56.336,179.8,3.579104,203.2,4.27255539999999,0,0,77.4799999999999,1
923.400000000003,42.6920000000051,192.9,2.57248100000001,87.2999999999999,3.46725700000005,0,0,72.5700000000002,1
917.100000000002,58.6400000000038,185.3,10.2451851999999,191.3,11.5873492000001,0,0,28.1300000000004,1
916.040000000008,51.8179999999981,177.8,4.09360019999978,189.8,4.76468219999984,0,0,77.49,1
918.460000000011,79.448000000002,177.9,2.93039139999937,187.6,3.48962639999979,0.0499999999999545,140,29.4600000000009,1
916.400000000005,72.9680000000046,175.9,3.19882419999982,186.4,3.95938380000012,0,0,19.9599999999998,1
915.840000000006,40.1180000000011,171.9,10.5359873999996,188,12.9295132,0,0,86.4300000000003,1
912.000000000008,56.1379999999982,137.3,3.08697719999974,166.4,3.84753679999975,0,0,75.5200000000005,1
919.000000000002,63.4640000000015,96,0.782929000000023,105,1.23031699999992,0,0,28.43,1
914.900000000008,64.6880000000009,174.6,5.65945819999974,184.5,6.86740579999988,0,0,43.3700000000003,1
916.45000000001,46.0219999999988,194.8,5.14496199999959,207.8,6.17395439999993,0,0,78.010000000001,1
917.220000000001,79.9519999999998,52.8,3.60147340000002,68.6,4.58572699999996,0,0,23.2500000000001,1
918.100000000009,44.7259999999972,185.9,9.01486819999963,196.8,10.737312,0,10,87.2700000000002,1
917.400000000007,73.8679999999995,181.7,4.13833899999984,189.8,4.76468219999984,0.0500000000000682,460,58.9099999999999,1
912.990000000013,64.5800000000019,172.6,7.02399159999953,183.7,8.67932719999983,0,0,44.7800000000011,1
916.270000000011,71.7260000000006,189.5,12.2136923999995,194.9,13.4440093999999,0,0,16.0900000000012,1
921.160000000003,57.2000000000038,188.6,3.08697719999998,199.5,4.63046579999997,0,0,28.4300000000003,1
914.460000000007,76.8740000000002,113.6,1.29742519999984,132,2.08035419999988,0,0,56.3900000000004,1
917.330000000006,73.2019999999984,106.6,1.38690279999985,147.7,2.01324599999981,0,0,36.7000000000001,1
919.700000000006,72.0140000000042,178.8,5.30154779999979,196.2,6.77792819999995,0,0,36.7300000000004,1
918.000000000012,66.7580000000026,171.6,5.70419699999943,180.3,6.75555879999976,0,0,54.2100000000011,1
917.010000000008,51.8360000000005,130.2,1.61059679999964,159.9,2.34878699999994,0,0,70.0100000000004,1
914.800000000005,71.2940000000046,69.1,2.0803541999998,61.4999999999999,2.9080220000001,0,0,24.3799999999999,1
913.800000000004,68.9540000000054,139.6,2.2369399999998,188.5,3.53436520000005,0,0,35.1600000000001,1
913.520000000013,62.5100000000022,182.9,8.3214167999995,189.1,9.30567039999979,0,0,40.250000000001,1
914.860000000008,48.0379999999986,183.6,5.05548439999958,193,5.99499919999994,0,0,78.9900000000006,1
911.450000000008,66.3260000000002,66.2,1.83429079999974,78.0999999999999,2.88565259999972,0,0,47.6100000000005,1
917.800000000008,66.0020000000004,157,2.28167879999974,180.9,3.31067119999983,0,0,32.0600000000004,1
915.390000000013,71.4200000000017,183,2.16983179999954,207.7,2.68432799999981,0,0,40.3400000000011,1
920.700000000012,76.1720000000025,190.9,6.26343199999943,199.6,7.27005499999974,0,0,35.8500000000012,1
918.300000000004,64.886000000005,140.6,3.75805919999978,90.5999999999999,4.80942100000004,0,0,36.0400000000002,1
912.900000000007,71.8700000000003,129.2,1.43164159999981,160,2.0579847999999,0,0,51.8400000000006,1
917.040000000002,42.1340000000057,171.3,12.4150170000001,190,16.553356,0,0,83.2500000000001,1
921.730000000002,57.776000000004,80.6,2.10272359999994,58.7999999999999,2.66195860000011,0,0,23.9300000000003,1
914.360000000012,59.9180000000024,175.3,4.87652919999945,187.8,5.86078279999976,0,0,74.2500000000012,1
917.900000000007,65.6600000000002,183.7,6.06210739999984,188.5,6.50949539999988,0.0209999999999582,319,74.2200000000004,1
918.300000000006,83.8940000000041,62.2,2.70669739999978,74.5999999999999,3.35540999999994,0,0,19.1200000000004,1
917.700000000003,59.4320000000052,90.2,1.65533560000006,120.8,2.34878700000002,0,0,23.5700000000002,1
920.020000000012,71.1140000000023,92.7,3.40014879999943,66.5999999999999,4.83179039999978,0,0,48.220000000001,1
914.400000000013,79.916000000002,174.4,3.93701439999937,190.8,4.89889859999978,0,0,25.3900000000011,1
916.220000000009,68.2519999999994,183.1,9.93201359999982,190.8,11.1623305999998,0,0,24.66,1
914.560000000013,76.2260000000024,173.3,6.64371179999937,185.4,8.05298399999977,0,0,25.8400000000011,1
914.700000000009,63.5720000000003,171.9,8.56748019999972,182.8,10.6254649999998,0,0,51.6200000000005,1
923.300000000005,58.8740000000013,69.8,8.12009219999961,86.5999999999999,10.0214912,0,0,33.05,1
918.260000000006,82.4000000000045,211.6,2.05798479999979,88.8999999999999,2.95276079999999,0,0,10.7600000000002,1
917.200000000008,75.6139999999983,138.3,1.94613779999985,128.2,2.72906679999983,0,0,62.5399999999999,1
918.260000000008,82.2200000000001,186.6,1.09610059999979,221.5,1.7224437999999,0,0,32.4600000000005,1
914.970000000012,73.6880000000022,188.2,2.25930939999944,186.6,3.06460779999974,0,0,40.9800000000012,1
911.600000000008,46.3460000000003,110.2,2.30404819999965,96.0999999999999,3.15408539999992,0,0,90.5100000000003,1
914.870000000007,53.0779999999993,210.8,1.3869027999998,142.5,2.03561539999982,0,0,81.4000000000001,1
919.080000000001,72.7519999999998,166,2.46063399999999,198.9,3.13171599999998,0,0,41.9499999999999,1
919.580000000012,62.1140000000021,192.3,4.56335759999944,207.6,5.65945819999976,0,0,76.030000000001,1
914.610000000008,49.4419999999992,178.9,6.28580139999978,190.2,7.51611839999992,0,0,79.4600000000007,1
919.000000000012,69.8180000000021,238,1.67770499999936,269.3,2.16983179999975,0.07000000000005,270,69.990000000001,1
918.100000000012,58.7660000000021,188.1,4.63046579999942,199.9,5.86078279999978,0,0,87.900000000001,1
914.830000000011,74.5700000000024,175.5,1.40927219999945,153.8,2.23693999999974,0,0,47.5100000000011,1
918.400000000008,60.925999999999,189.3,5.18970079999976,195.6,5.6818275999999,0,0,13.16,1
917.230000000006,67.6760000000039,177.8,2.46063399999976,93.1999999999999,3.28830179999991,0,0,40.6400000000002,1
917.200000000006,65.2640000000041,137.6,1.76718259999975,176.7,2.55011159999991,0,0,58.3700000000001,1
913.870000000012,66.9380000000025,171.9,6.50949539999945,182.3,7.47137959999975,0,0,57.4300000000012,1
916.310000000006,79.5019999999996,175.7,6.71081999999984,187,8.14246159999985,0,0,24.1599999999999,1
922.470000000004,50.3600000000011,181.1,7.33716319999964,191.4,8.72406599999996,0,0,82.83,1
914.980000000006,84.3620000000054,178.4,1.43164159999979,209.3,1.96850720000005,0,0,37.6400000000003,1
925.740000000006,49.5500000000015,154.2,2.32641759999962,197.1,3.40014880000001,0,0,69.7799999999999,1
916.800000000003,65.4440000000046,164.4,3.55673459999993,196.6,4.71994340000004,0,0,21.6100000000003,1
914.620000000006,66.1280000000044,172.4,7.65033479999982,187,9.5964726000001,0,0,46.6999999999997,1
923.600000000002,40.6220000000039,130.9,1.72244379999997,163.1,2.75143620000007,0,10,79.2600000000003,1
915.930000000012,64.1180000000023,97,3.45234406666604,120.4,4.32475066666642,0.00999999999999091,10,47.2266666666678,1
920.330000000007,68.864,122.4,2.03561539999986,182,3.08697719999986,0,0,52.3800000000003,1
917.090000000009,63.2660000000003,175.5,6.73318939999972,186.3,7.9635063999998,0,0,62.8200000000006,1
920.510000000009,47.983999999997,133.4,2.01324599999962,151,3.31067120000003,0,0,90.3900000000001,1
920.130000000006,73.2920000000047,193.6,4.11596959999981,211.3,4.96600680000006,0,0,33.5200000000002,1
918.680000000007,64.868000000004,115,1.27505579999976,149.8,1.78955199999996,0,0,90.6700000000005,1
916.700000000012,49.8020000000011,171.7,6.4423871999995,199.8,9.10434579999984,0,20,80.1500000000012,1
916.280000000012,71.6900000000022,185.2,4.02649199999937,200,4.74231279999978,0,0,43.0600000000011,1
916.280000000002,47.8580000000039,52,10.6254649999999,68.3999999999999,13.6900728,0,0,57.7000000000005,1
918.790000000006,52.2320000000014,201,4.80942099999962,214.9,6.08447679999995,0,0,32.0800000000002,1
919.280000000012,72.6440000000021,95.9,4.71994339999941,85.5999999999999,5.88315219999979,0.00999999999999091,20,47.510000000001,1
916.000000000008,58.1359999999992,178.6,11.4531327999998,188.5,13.8466585999999,0,0,36.2599999999999,1
912.300000000012,74.5520000000022,164.4,3.75805919999935,182.8,4.80942099999978,0,0,34.160000000001,1
917.360000000008,60.5120000000005,179.9,3.64621219999976,198.5,4.54098819999991,0,0,74.4400000000005,1
912.500000000005,57.3980000000056,123.7,2.6619585999998,133.8,3.86990620000005,0,0,67.2000000000001,1
915.300000000006,78.4040000000042,182.8,9.93201359999979,189,10.9833754,0.0200000000004366,170,35.1300000000003,1
918.030000000009,44.0599999999972,165,7.51611839999962,186.8,9.90964420000006,0.0199999999999818,250,90.4300000000002,1
915.130000000012,62.1500000000023,180.2,3.73568979999938,197,4.49624939999976,0,0,73.0000000000011,1
919.970000000003,64.1840000000022,185.5,0.738190199999941,215.2,1.31979459999999,0.010000000000332,10,32.7000000000004,1
922.820000000008,55.093999999999,59.9,2.75143619999979,75.7999999999999,3.44488759999996,0,0,35.2099999999999,1
917.180000000004,49.1900000000051,146.5,1.56585799999991,150.5,2.32641759999998,0,0,91.1100000000004,1
908.970000000004,48.6860000000048,147.7,8.00824519999984,183.1,10.5807262,0.160000000001673,330,91.8900000000002,1
914.540000000013,67.6580000000016,170.2,8.25430859999954,184.3,10.8491589999998,0,0,35.0500000000013,1
917.150000000004,49.3700000000051,169,10.2004464,184.6,12.6610804,0,0,34.7000000000002,1
918.800000000004,67.0820000000023,176.1,4.87652919999969,183.4,5.56998059999991,0,0,18.9,1
918.000000000006,75.7400000000046,181.7,4.94363739999981,193.4,6.15158500000009,0,0,28.3799999999998,1
915.600000000002,76.2800000000011,188.4,1.8566602,173.8,2.37115639999994,0,0,21.6100000000001,1
917.120000000012,57.3980000000001,136.7,1.49874979999956,100.2,2.1250929999999,0,0,51.0300000000011,1
915.100000000007,89.7800000000054,159.5,2.63958919999979,189.2,3.75805920000004,0,0,30.2700000000003,1
919.300000000005,64.2200000000041,182.2,10.7596813999998,186.5,11.7886737999999,0,0,34.6300000000004,1
916.200000000007,82.8140000000039,55,6.95688339999975,91.4999999999999,9.43988679999999,0,0,48.9200000000005,1
915.930000000004,68.1980000000055,186.7,2.08035419999982,171.9,2.61721980000006,0,0,48.8400000000001,1
919.470000000006,84.5780000000033,53,3.13171599999978,77.9999999999999,3.98175319999992,0,0,16.7400000000005,1
915.600000000008,69.2060000000005,178.7,2.57248099999973,183,3.24356299999983,0,0,38.5700000000004,1
910.570000000008,46.5619999999983,181,15.6585799999998,190.8,18.8126653999999,0.00999999999999091,20,89.88,1
921.170000000003,59.3420000000047,180.8,6.82266700000003,190.4,8.25430860000006,0,0,31.2300000000004,1
921.591567362941,59.4285550679229,49.6230246737674,16.4751429117326,64.1872409922991,20.7127027289168,0.00357836814656728,47.1567362936292,15.9842679107313,2
922.18000000001,75.2179999999984,146.3,0.961884199999566,95.5999999999999,1.54348859999996,0,0,14.650000000001,2
914.106588093524,73.7672458534618,219.063026679298,1.50315661783463,124.809921946015,2.21864210701036,0,0,25.0636977214494,2
921.340000000009,70.0159999999987,100.1,2.23693999999967,148.2,3.31067120000002,0,0,6.29000000000009,2
919.871551377127,65.6674819362744,81.6629779277397,3.8429418028055,91.1394392213996,5.03738557613846,0,0,13.538289523665,2
918.894229797665,64.734424495423,171.527752701159,2.88200231288165,191.258973063543,3.68861516619534,0,0,10.8627964541186,2
920.698901483526,50.9648035179857,45.1133641288016,16.0437493926785,59.4305765304837,20.5495494554124,0,18.4144976454095,12.6476658083255,2
921.020000000003,73.7060000000033,70.9,4.1159695999999,77.9999999999999,4.74231279999998,0,0,9.35000000000058,2
920.627326967863,78.6694449901754,95.5610917772642,2.90113595142742,124.866404925028,3.96854065400279,0,0,18.1040826681813,2
925.960000000002,56.9660000000034,51.7,17.8731505999999,66.2999999999999,22.2799224000001,0,10,15.3600000000004,2
915.576939290285,73.7534353715065,182.389302086896,9.33340190233756,193.381521786456,10.8946913352059,0,0,31.6299772960463,2
922.040000000009,68.5759999999986,58.3,9.55173379999966,81.8999999999999,12.5716028,0,0,7.5400000000001,2
917.200000000007,75.5060000000042,177.6,7.40427139999976,182.9,8.20956979999999,0,0,14.3500000000004,2
920.715531913315,62.8157915071643,116.131280879312,3.87276050376818,51.2807596100225,4.7710440390238,0,0,24.0523160404881,2
924.080000000004,60.080000000005,54.2,18.9245124,72.0999999999999,23.5549782000001,0,10,13.1300000000002,2
920.957021189953,65.2369571120897,75.1213018360105,3.89111664645439,92.4847308117021,5.18746680903647,0,0,9.16114873687777,2
921.900000000009,65.8759999999985,199,4.49624939999966,207.2,5.32391720000002,0,0,10.3500000000001,2
920.667617655367,68.3953422564775,196.16481573568,4.14640585269757,212.353598111609,5.48913382206115,0,0,15.9157650668179,2
917.397349400784,79.2446779074122,97.2677643833464,1.11030681606334,95.5933601026118,1.54267607496277,0,0,13.3681838470476,2
914.027198241826,73.2189978583675,219.433258199238,1.50059521877417,125.443514031685,2.20327371264762,0,0,25.5614110224817,2
920.396217032343,72.2204433256343,226.992919938414,3.07760686862073,249.101917842785,4.06626499314884,0.0189675562398247,142.256671798814,30.4363975558122,2
917.200000000003,54.3920000000053,60.6,7.76218180000004,73.6999999999999,9.05960700000003,0,0,20.8900000000004,2
914.154388930716,81.5102495899801,125.453293630442,2.65155396915177,141.837043932985,3.41693667594581,0,0,20.2316443282372,2
918.174955641638,73.221486889789,183.610323979368,1.64583334567515,186.220943681198,2.35281193358618,0,0,9.72362883657184,2
920.897662302519,66.5287859626602,198.122180130317,4.07929333836529,210.715248839593,4.84264381703043,0,0,13.3827096559048,2
914.131735948655,82.5831521084255,120.810339578379,2.57708977715726,139.239546251363,3.39974345256872,0,0,19.9111771073006,2
922.69285760378,62.7270702776561,60.4055853941207,7.65979056369521,76.3471351843689,9.66258950071237,0,0,25.0485079046084,2
916.867881511419,81.452149551592,91.3408064689799,1.87667852069334,122.717129056572,2.65107369489963,0,0,27.8860146239177,2
918.981213404727,79.7690627085771,187.847280183857,2.35861461157847,69.1301245615308,3.55130610960348,0,0,26.1110043150261,2
923.780000000002,64.4540000000043,150.3,4.00412260000003,179.1,5.56998060000006,0,0,10.9700000000004,2
920.992757290378,63.4855222773864,163.569123235789,1.40101039276202,195.12850486025,2.01407027965986,0,0,13.9237018506883,2
922.266356121941,64.1831063496143,55.872450600106,10.16769247589,78.9980513393534,13.3263879139022,0,0,14.3557206270824,2
920.003890159199,69.317912722222,197.605720695256,4.67085357364562,210.027917511371,6.04716036750342,0,0,13.7667049918787,2
922.639489086677,72.4800316259792,68.5161726060634,5.10628710082421,75.8432037864383,5.95270085656307,0,0,10.8181349664249,2
920.70121139682,73.8531314783589,61.1917181375817,8.23690610612293,76.4566634442567,10.3825957981068,0,0,15.9026058507634,2
919.576336622175,63.6019539640194,72.856680063842,6.08601331682522,85.6110705165403,7.38821970019053,0,0,10.0183022780035,2
916.630000000008,65.2279999999995,188.5,1.1855781999998,225.7,1.83429079999992,0,0,15.0900000000007,2
920.000000000004,68.054000000002,197.1,4.67520459999964,209.6,6.15158499999999,0,0,14.5,2
924.510000000006,71.9060000000007,196.7,6.64371179999962,217.9,8.27667799999999,0,0,15.8100000000003,2
924.100000000002,64.7060000000035,62.9,10.5807261999999,72.4999999999999,12.3926476000001,0,0,13.0500000000004,2
921.09000000001,72.409999999997,180.2,1.27505579999964,189.6,1.90139900000002,0,0,17.3000000000003,2
921.433165783975,64.6347758087467,72.4034958010339,5.02405164664923,92.623515364071,6.93651756523201,0,13.8649441744752,9.22056997329239,2
918.884691221882,72.8998777781229,163.515192901471,1.02657754315161,196.157263072146,1.48219381775001,0,0,18.9187648875089,2
921.350000000006,61.8080000000006,64.9,7.60559599999963,79.5999999999999,9.59647260000012,0,0,18.47,2
917.318987129667,74.0666077222066,177.170040108276,2.64317660613254,190.190297515173,3.28301697047247,0,0,12.9551061357251,2
917.735011374547,81.7833354681888,123.988543412209,2.23728170265974,45.148599750381,3.0091683787681,0,0,17.4116052772917,2
920.80272584854,72.8910007040063,99.3992076285174,2.01485901427553,147.090412078486,2.99714510250714,0,0,6.92947303897827,2
919.287985441125,76.7082336742916,166.797412428315,1.30294741387335,199.306112153351,1.81413028554952,0,0,19.3519287862349,2
921.414277433471,62.5644959477011,64.9988883591766,8.63421006671948,80.193330155059,10.9845485717564,0,0,17.1720902858083,2
920.590000000009,75.0019999999995,89.7,1.16320879999981,91.0999999999999,1.78955199999983,0,0,13.9199999999999,2
915.644139092303,82.3349195090728,117.954761843959,1.5636111870377,135.193535219588,2.39907406407494,0,0,19.833902594626,2
920.971398046767,68.2538228810711,192.154375460234,2.24827862346163,221.680186993743,3.12588054543838,0,0,18.6420529473474,2
922.070454917529,76.7422008162634,165.736407612468,3.77145856240692,205.670353906857,6.00416098766282,0,0,13.5678235809023,2
920.201585991789,57.8102370614035,80.480355234787,5.38511666984316,93.97028883782,7.43525955266715,0,0,14.3792333952514,2
924.670000000009,59.917999999999,163.2,1.74481319999976,165.6,2.66195859999989,0,0,9.90000000000005,2
921.038077493461,51.3550080272172,46.527495161529,16.5418934695791,59.7337274956407,21.0310174686221,0,19.0264762805541,11.5954990323058,2
916.720000000007,86.9359999999986,272,2.19220119999987,187.2,2.86328319999981,0.0300000000000864,40,29.05,2
915.710000000006,86.3420000000048,234.3,1.7448131999998,125.5,2.5053728000001,0,0,8.67999999999988,2
919.00959051221,62.5830253372127,166.775126686047,3.63535172581186,190.013987422481,4.85728870248451,0,0,22.4249037186046,2
913.320000000004,79.2140000000041,95.9,2.84091379999971,129.1,4.1159695999999,0,0,17.6900000000001,2
918.321574714996,71.8311416163771,144.03259146182,2.64818025109162,39.7712623512067,3.86257113941072,0,0,23.1792592981196,2
920.530000000006,81.9500000000042,59.3,10.1557075999998,79.2999999999999,12.7058192,0,0,19.8000000000004,2
923.953386852447,60.1479328234054,53.8104210844377,18.6984762539739,71.077355346649,23.3779619410639,0,11.2174341111321,12.6150253709913,2
920.823910238641,66.57096157046,198.00539586663,4.12836921792714,210.595935453293,4.95664842435977,0,0,13.52217246404,2
921.507308049021,73.1911562166277,165.548739531225,3.39092492734568,206.179194536566,5.57799239342465,0,0,13.8079628744861,2
920.423862879329,70.8600579930892,198.973954374256,4.38891561841625,211.300843632301,5.2594430401761,0,0,11.9506642082824,2
922.131441707751,59.9322738557625,166.237116584502,2.16778886835812,195.887627805166,3.04269066322386,0,0,12.0176840721781,2
915.550000000014,73.7600000000022,182.4,9.37277859999938,193.4,10.9386365999998,0,0,31.7000000000009,2
919.840000000007,65.677999999998,64.9,9.48462559999975,74.7999999999999,10.8715283999999,0,0,18.11,2
922.273264482376,68.7891678500381,57.1875078533293,9.58384448622642,82.3306421212918,12.7722945889172,0,0,7.52205657827961,2
920.410000000008,65.9839999999991,50.1000000000001,21.5193627999998,62.1999999999999,25.5458547999998,0,40,12.2900000000001,2
920.770000000004,70.7180000000022,181,4.40677179999969,188.2,5.07785379999991,0,0,13.16,2
922.141662165278,66.7704276607664,149.642642226808,3.60257120500528,178.113963340212,5.0383491756409,0,0,11.4807164237878,2
918.902090516717,73.5024959456659,177.328028519846,0.95851076631633,128.828393336886,1.43966807774562,0,0,12.8745398068988,2
921.409125013378,60.8492106695876,43.4613574714035,21.314179400733,54.9414290298652,25.6053254374593,0.00999999999991465,51.1178575248877,11.8346785217647,2
922.542989053604,67.9060574184184,198.484233379467,4.28088478962786,208.609762096123,5.2623844541795,0,0,11.5018787858572,2
917.590000000001,82.6699999999999,170.9,3.60147340000003,183.4,4.71994339999998,0,0,13.88,2
920.910000000008,66.4159999999991,198.1,4.07123079999976,210.7,4.8317903999999,0,0,13.42,2
923.552439439015,59.6085158063384,54.5320311223003,18.7429552736466,73.2067704076676,23.5838622882836,0,10,12.2980775769033,2
922.357267009775,74.358711915091,166.88901695514,4.17919256269487,209.959132856335,6.90357422359218,0,0,12.4902678698458,2
921.569845904315,61.7912793255886,62.2061135669218,8.47833605979143,78.7949304912639,10.7809055382889,0,0,18.2315755685667,2
922.808445487988,60.0641812921099,136.52777021673,3.37898095784047,148.027201031069,5.26836437943519,0,0,19.829257129467,2
923.668273562647,60.3009070692777,52.9331494235115,18.189477698527,68.7745172367176,22.9793486145092,0,13.9589080515266,11.4553818942044,2
921.874478403971,68.0938479498513,70.9086537312092,2.14658555040553,96.0953036744281,2.89129467129145,0,0,12.4794452123367,2
920.480998146898,65.5192357016942,111.747920527307,3.77668494998372,52.2704786361387,4.58609913245166,0,0,22.8960397363468,2
916.818071508123,74.3029252505629,177.557563500902,6.65434097188292,183.685075233321,7.46913216211249,0,0,13.5946303160483,2
921.689358252582,65.9503395683896,73.3550771555556,2.94674594792687,93.3463038265582,3.92509373243335,0,0,10.8455239809214,2
915.808537206645,73.217521876563,215.629367721963,2.17923816285895,232.546876111059,2.86768511053797,0.00894874662937909,67.1155997204042,28.5088701238434,2
920.508940033668,80.9889222420938,58.9035771042393,9.48231341723832,78.4823777774933,11.8218161370333,0,0,19.1719174745294,2
923.107768093433,60.6016398114118,51.2085172105371,17.1888352018182,64.2473576776596,22.1957129243157,0,19.3483837170717,9.17563368767871,2
915.374595121703,72.9948172460428,214.893054309403,2.20083932908967,231.104426065142,2.8906363496581,0.00653460429311927,49.0095321984391,27.030811478467,2
923.734615141283,59.0893501351963,53.3288512465477,18.6539859480934,70.6959131856121,23.2684035687431,0,11.0248808864145,12.9557702493097,2
922.180000000003,70.1060000000043,62.1,3.62384279999998,72.8999999999999,4.04886140000004,0,0,16.1200000000004,2
922.962035579312,62.1313874927262,195.126693769585,4.37047652459405,204.888510797978,5.24006861639621,0,0,17.92168895365,2
916.581503907028,75.2246624270233,177.443701348345,6.69002581522457,185.46776356291,7.53528201017721,0,0,15.4887473192039,2
921.320000000005,60.6740000000006,110,4.09360019999968,53.9999999999999,4.89889859999992,0,0,23.7700000000001,2
918.845566333226,80.229373262683,189.159276449182,1.91589890582883,77.4913210998743,2.96930905822468,0,0,24.9724584034218,2
917.268305604766,85.6616297571622,266.493461913668,2.15805805735826,194.702511379885,2.82914005735825,0.0311741019374562,70.5266503719893,31.2185662783487,2
923.15670332508,69.8422225707375,197.226282040249,5.67667569344104,215.193406650147,6.9816905181736,0,0,14.9115613741464,2
923.480000000008,64.4719999999995,52.4,9.48462559999977,67.7999999999999,12.079476,0.0499999999999545,100,12,2
921.391319227806,68.22350764874,199.189402415182,4.53861758386139,208.444644442625,5.40260097002896,0,0,10.4528184539561,2
922.500000000009,66.7399999999984,71.4,1.90139899999965,94.2999999999999,2.52774220000002,0,0,12.7100000000001,2
919.759618020604,69.7735241497791,120.201208926892,3.39915860315075,161.918308426843,5.08676557164224,0,0,19.6488531373141,2
923.870000000004,48.3620000000017,199.9,6.17395439999965,217.5,7.49374899999993,0,0,42.84,2
920.400000000011,81.9140000000006,56.3,9.6859501999995,74.0999999999999,12.2584311999999,0.00999999999999091,90,8.00000000000119,2
917.785739233637,69.0567228059534,48.2881308274694,12.2218305646506,63.7059345862652,15.3325046959908,0,6.02967293132648,11.9844635197291,2
918.309540582038,75.0523878135813,183.267714193869,2.01333741059034,187.579523656448,2.66530328257217,0,0,10.6754622389008,2
921.445510111166,62.9320805390367,65.0469386325537,9.13401800687643,80.4816317953221,11.659020577022,0,0,16.5414304477327,2
919.700000000012,78.5300000000007,187,4.9436373999995,193.8,5.72656639999993,0,0,8.48000000000119,2
919.320000000007,67.531999999998,142.6,1.09610059999975,124.1,1.74481319999989,0,0,16.7599999999999,2
917.300000000004,73.6160000000023,147.7,2.41589519999969,175.2,3.46725699999992,0,0,12.9900000000001,2
922.570000000009,69.367999999997,193.5,2.63958919999964,220.2,3.60147340000004,0,0,19.9500000000002,2
921.139955596708,61.7137564290409,110.375092506869,4.0255922249594,53.6288558353087,4.83177384541471,0,0,23.5824537465657,2
915.104852840165,80.6610318250029,214.407657428119,1.53536419008033,116.843001371833,2.41188754048387,0,0,18.8053456559464,2
920.63235438202,78.0231202575935,55.384664555713,11.4145553072657,72.6037786006846,14.5658630743916,0.00999999999987083,84.7192185906517,8.47174980590283,2
921.160291324155,75.1894177166766,225.537540334963,2.17327441024738,250.63815186865,2.91776277101472,0.035138440722599,263.538305419732,43.5711984769578,2
916.990000000008,75.0739999999983,73,4.60809639999974,98.9999999999999,6.37527899999991,0,0,8.83000000000067,2
918.944562105414,62.3535133132245,165.627566566105,3.51270506493154,189.121440662526,4.6576313475631,0,0,23.2970494097609,2
920.300167510041,66.9531102055907,49.2385687061412,21.4181968687793,62.8030019057011,25.8156306165877,0,38.2771374122823,13.0286773344843,2
922.69000000001,69.1699999999987,55.2,9.64121139999967,83.0999999999999,13.1308378,0,0,7.4900000000001,2
923.349126953682,48.6111609306966,46.6873457556324,14.1417940126929,67.6011822998558,18.1772169114629,0,17.9446538231057,17.203283082455,2
915.445446421544,70.6121923182471,215.387156613983,2.00313162831664,121.904945074005,2.99447296718872,0,0,25.1663873662338,2
922.360000000008,74.3359999999992,166.9,4.18307779999975,210,6.9121446,0,0,12.4799999999999,2
918.850336146548,74.0846394129743,69.4484491747872,3.41640548455701,103.058915228815,4.74852632177649,0,0,11.0793155226348,2
919.036412776374,74.2149877822087,108.755538297748,2.92441001270063,59.4756314899094,3.61835696629142,0,0,13.4160786372622,2
920.860000000008,66.937999999999,75.4,2.68432799999975,88.9999999999999,3.44488759999991,0,0,17.45,2
918.876744819335,77.0837052985861,183.377677205019,4.32486905886094,193.009675026549,5.06360032020859,0,0,10.0738220297929,2
922.858110117249,64.9893607901515,63.4830468933119,10.2611871752062,73.1705039273086,11.9492056880415,0,0,14.5251086400794,2
920.277416872081,74.3617174481613,199.548982101717,4.59909143087035,211.76567775039,5.58247313852244,0,0,10.9338741626818,2
919.610000000002,70.2500000000037,119.4,3.40014879999987,162.6,5.07785380000009,0,0,19.6400000000004,2
924.050000000003,47.2460000000032,47.9,13.980875,68.2999999999999,17.8507812,0,20,16.7100000000004,2
915.010000000012,47.4979999999998,163.1,4.94363739999955,195.9,6.57660359999995,0,0,88.6000000000012,2
919.650000000002,77.0360000000015,70.6,3.82516739999999,85.5,4.76468219999997,0,0,22.0700000000002,2
917.390000000011,49.7839999999998,204.1,1.27505579999955,211.8,2.01324599999997,0,0,73.1500000000012,2
920.820000000008,62.437999999998,213.6,2.61721979999964,165.7,3.31067120000004,0,0,43.6400000000002,2
920.350000000005,47.5700000000002,192.1,6.26343199999969,205.7,7.605596,0,0,54.55,2
918.030000000003,50.6660000000051,128.9,2.5277421999999,117.4,4.00412259999995,0,0,76.8800000000003,2
914.490000000004,49.8920000000056,163,4.85415979999991,189.6,6.73318939999997,0,0,92.1000000000004,2
919.350000000006,91.1120000000045,96.4,2.52774219999982,96.2999999999999,3.37777940000003,0,0,25.6200000000002,2
918.700000000006,76.2260000000045,184.6,4.09360019999981,194.9,4.74231280000009,0,0,19.1699999999998,2
917.300000000006,85.0819999999983,149.7,2.01324599999987,70.9999999999999,2.86328319999983,0,0,32.02,2
914.660000000005,50.3600000000032,177.6,8.52274139999973,186.3,10.0214911999999,0,20,91.2200000000001,2
918.580000000007,76.9820000000042,150.7,1.31979459999976,182,1.94613779999999,0,0,15.5400000000004,2
920.030000000002,66.9920000000037,172.5,2.46063399999988,168.1,3.31067120000007,0,0,29.8900000000003,2
917.580000000013,69.3680000000021,180.7,6.95688339999938,191.7,8.63458839999977,0,0,28.630000000001,2
922.790000000008,53.978,182.6,1.85666019999976,208.2,2.63958919999998,0.0199999999999818,180,17.39,2
916.450000000005,62.6540000000006,193.7,3.53436519999967,208.8,4.42914119999994,0,0,47.43,2
922.880000000008,53.744,186.9,2.81854439999976,223.2,3.66858159999998,0,0,28.68,2
916.500000000007,76.9280000000046,159.1,1.2974251999998,206.2,1.92376840000001,0,0,42.5200000000002,2
917.210000000008,75.4160000000002,173.5,2.30404819999983,194.5,3.15408539999988,0,0,48.5700000000004,2
921.186223459361,71.2038227788007,214.248938374188,1.69079339655372,173.388878407993,2.67368146708012,0,0,17.1031506826432,2
916.790000000007,76.4240000000003,186.4,2.39352579999984,190.2,3.28830179999987,0,0,33.1100000000003,2
916.550000000011,57.9559999999995,174.4,3.13171599999956,195,4.0712307999999,0,0,60.4600000000012,2
916.550000000009,53.5099999999984,205.8,3.80279799999961,226.1,4.94363739999994,0.00999999999999091,10,84.4800000000006,2
915.700000000006,56.5340000000053,143.5,1.6329661999998,174,2.16983180000005,0,0,81.9900000000001,2
919.600000000006,46.9220000000001,205.6,16.2401843999997,214.7,18.0521058,0.0299999999997453,293,91.34,2
915.630000000012,72.3560000000025,165.3,3.80279799999945,179,5.25680899999974,0,0,52.3400000000011,2
916.500000000001,71.0419999999998,102.3,2.41589519999999,49.1,3.22119359999996,0,0,49.0099999999998,2
924.140000000004,55.5620000000012,222.4,3.24356299999963,239.7,4.04886139999995,0.00999999999930878,140,90.66,2
922.890000000002,63.1760000000058,183.6,4.40677180000008,198.5,5.72656640000005,0,0,31.7400000000001,2
918.880000000007,60.6920000000003,178.8,4.36203299999964,185.4,4.92126799999991,0,0,34.7700000000004,2
918.710000000009,40.4600000000003,214.5,16.1283373999998,222.4,18.2757997999999,0,40,79.78,2
917.4,70.3219999999997,176.2,6.12921560000004,184,7.13583859999997,0.0499999999997272,270,49.43,2
922.180000000007,42.4760000000014,195.4,7.13583859999962,208.5,8.45563320000001,0,0,84.0799999999999,2
922.320000000004,55.526000000001,215.9,9.39514799999964,228.5,10.849159,0.0200000000004366,60,91.12,2
917.560000000012,68.6120000000025,171.6,7.60559599999944,179.6,8.67932719999975,0,0,40.1400000000011,2
918.100000000007,73.4540000000004,198.9,1.45401099999984,175.3,2.23693999999984,0,0,19.2500000000001,2
914.060000000008,68.6300000000004,180,3.98175319999985,200.2,5.07785379999989,0,0,59.2100000000005,2
916.400000000007,78.5119999999996,182.5,3.91464499999984,191.6,4.63046579999986,0,0,34.71,2
913.633267677042,82.6641642574292,206.371593128903,1.31149087378339,165.085817895976,1.90780116396338,0,0,15.6117342764002,2
913.260000000007,48.2539999999973,235.9,11.4978715999997,252.6,14.1821995999999,0,150,89.75,2
918.55000000001,52.7539999999967,175.3,3.01986899999967,202.5,4.42914120000001,0,0,66.2000000000005,2
918.300000000001,51.8360000000015,203.5,1.67770500000003,189.8,2.2593093999999,0.0199999999999818,240,61.3800000000001,2
916.750000000008,61.5740000000002,79.7,2.55011159999966,96.4999999999999,3.15408539999993,0,0,35.2400000000003,2
918.590000000003,51.0800000000041,78.1,4.69757399999995,91.4999999999999,5.72656640000005,0.0200000000004366,80,46.2300000000004,2
916.300000000003,58.4960000000044,175,4.07123079999994,182.4,4.71994340000006,0,0,24.0500000000003,2
918.100000000004,61.9880000000047,191.1,11.0504836,199.4,12.7281886,0,0,19.2400000000002,2
912.800000000003,42.5120000000045,190.8,11.3860246,198.1,12.7281886,0,0,89.7700000000002,2
921.480000000004,76.6220000000022,195.8,4.20544719999967,213.5,5.39102539999993,0,0,19.08,2
908.420000000008,46.1119999999988,174,16.2178149999997,212.4,21.2732993999999,0.0699999999999363,400,91.1700000000007,2
915.690000000005,43.6460000000053,177.9,9.17145399999981,187.3,11.1175918,0,80,91.8800000000002,2
917.700000000008,65.371999999998,85.9,3.06460779999976,90.5999999999999,4.54098819999985,0,0,22.93,2
917.350000000006,74.9480000000051,190.1,1.31979459999981,215.6,1.9237684000001,0,0,57.8999999999999,2
917.800000000011,75.9020000000019,161.9,8.74643539999937,183.5,12.5939721999998,0,0,42.0900000000009,2
918.300000000001,78.8540000000015,88.4,2.84091380000002,108.4,3.93701439999996,0,0,15.7700000000002,2
924.16000000001,61.8799999999982,111.8,3.44488759999963,119,4.80942100000004,0,0,15.2100000000001,2
918.370000000008,65.3179999999989,188.3,6.21869319999974,209.7,7.56085719999992,0,0,20.46,2
921.090000000008,70.1240000000001,182.8,2.90802199999985,204.5,3.53436519999987,0,0,43.9500000000004,2
919.010000000004,60.0440000000023,147.8,2.34878699999972,62.8999999999999,2.90802199999989,0,0,28.4700000000001,2
917.580000000011,63.9679999999981,161.8,0.872406599999563,139.8,1.56585799999991,0,0,22.3800000000006,2
916.300000000008,63.3019999999981,184.8,6.12921559999966,201.2,7.69507360000004,0,0,13.8300000000001,2
918.650000000008,73.1840000000001,174.1,8.27667799999982,185.3,10.1557075999999,0,0,47.5300000000004,2
918.600000000011,56.9479999999998,157,1.54348859999954,160,2.34878699999998,0,0,64.7200000000012,2
916.230000000008,65.8220000000004,165.5,7.33716319999985,183,9.90964419999985,0,0,40.5100000000002,2
912.650000000009,68.2700000000006,123.2,1.67770499999971,175.3,2.68432799999977,0,0,53.1800000000005,2
920.020000000013,81.6440000000021,209.2,1.90139899999936,70.3999999999999,2.8856525999998,0,0,29.4600000000011,2
915.500000000004,57.6320000000047,188.2,2.41589519999991,203.7,3.35540999999998,0,0,61.6500000000004,2
914.130000000012,49.7119999999993,177.7,3.37777939999954,189.8,3.98175319999992,0,0,90.1100000000011,2
913.270000000006,40.1000000000011,190.4,12.9295131999996,201.4,14.9203898,0,0,81.4500000000003,2
921.440000000008,61.2139999999987,200.5,5.50287239999971,211.2,7.0910998,0,0,13.3200000000001,2
915.300000000001,69.5300000000015,74.5,1.29742520000002,95.3,1.67770499999993,0,0,23.64,2
919.400000000003,69.8540000000048,119.4,1.00662299999987,158.7,1.92376839999994,0,0,26.4900000000004,2
912.790000000003,41.4860000000051,171,8.61221900000004,204.1,11.520241,0,20,91.2800000000002,2
918.380000000001,64.1660000000018,195.8,5.0107456,205,5.95026039999996,0,0,16.3000000000003,2
918.000000000005,60.3140000000007,187.5,4.27255539999968,207.6,5.54761119999993,0,0,35.83,2
920.240000000006,74.4080000000041,173.1,6.48712599999978,180.7,7.35953259999999,0,0,27.8800000000004,2
918.000000000008,59.3419999999983,175.6,5.14496199999975,188.1,6.35290959999977,0,0,60.7400000000005,2
918.730000000002,53.9600000000045,184.1,5.59235000000004,195.1,7.09109980000006,0,0,33.7000000000005,2
922.370000000004,56.4800000000044,110.6,1.87902959999974,90.8999999999999,3.17645479999991,0.0200000000004366,120,65.5400000000001,2
917.850000000002,53.3120000000038,178.4,1.70007439999995,197.3,2.70669740000004,0,0,38.3600000000005,2
914.430000000007,74.2459999999985,176.9,4.20544719999984,194.4,5.18970079999985,0,0,19.4499999999999,2
915.89,49.8020000000007,187.3,8.47800260000005,198.2,10.3570321999999,0.119999999999891,360,92.1200000000001,2
914.300000000007,48.1819999999985,177.5,2.48300339999976,203.4,3.17645479999993,0,0,90.9700000000007,2
917.300000000008,70.0880000000005,183.7,2.63958919999973,201,3.42251819999983,0,0,36.3800000000003,2
914.790000000008,48.2719999999991,218.6,5.61471939999972,171.1,8.00824519999995,0,0,90.8900000000006,2
914.900000000011,53.942000000001,164.5,4.0041225999995,185.2,4.98837619999984,0,0,75.7700000000012,2
916.030000000003,62.5100000000046,186.5,6.21869319999987,191.8,6.82266699999996,0,0,31.8500000000004,2
917.400000000006,70.7360000000001,187,1.18557819999985,220.7,1.72244379999985,0,0,39.4500000000001,2
920.860000000003,42.1340000000051,177.4,8.32141680000002,192.6,10.5807262000001,0,0,92.3100000000002,2
916.180000000012,49.568000000001,181.6,7.2476855999995,191,8.92539059999983,0,0,83.6200000000012,2
913.490000000008,65.3900000000006,172.3,2.63958919999971,187.5,3.44488759999977,0,0,51.0600000000005,2
917.10000000001,61.5019999999969,189.1,3.73568979999965,197.5,4.3396636,0,0,32.6800000000005,2
924.460000000005,53.456000000001,179.3,3.89227559999968,201.6,5.21207020000002,0,0,25.2099999999999,2
914.210000000003,64.4720000000052,99.1,11.9676289999999,110.7,14.1598302,0.00800000000015189,34,44.4400000000003,2
915.220000000012,73.2920000000023,148.3,1.78955199999943,198.5,2.90802199999974,0,0,41.4000000000012,2
921.240000000006,71.7800000000007,216.4,1.61059679999964,171.4,2.57248099999997,0,0,16.8300000000003,2
918.700000000004,47.7860000000059,189.4,2.32641759999991,202.1,2.81854439999994,0.119999999999891,410,91.7100000000004,2
916.300000000006,83.0119999999985,198,4.36203299999987,210.9,5.43576419999982,0,0,35.4199999999999,2
916.510000000002,75.4700000000013,137.7,1.0513618,180.5,1.61059679999996,0,0,26.9400000000001,2
916.100000000006,69.5120000000035,189.6,7.47137959999977,197,8.56748019999994,0,0,30.2500000000004,2
915.140000000008,59.8100000000003,168.8,6.44238719999968,176.5,7.51611839999993,0,0,41.0700000000004,2
915.290000000003,50.6120000000043,153.8,4.45151059999998,185.3,7.20294680000004,0,0,62.4600000000002,2
919.390000000001,67.0640000000023,170.8,5.45813360000003,190.5,6.86740579999997,0,0,20.1800000000002,2
913.000000000008,52.3219999999993,174.8,5.95026039999975,184.5,7.27005499999992,0,0,79.9100000000007,2
916.260000000004,69.008000000004,68.6,2.70669739999976,79.4999999999999,3.26593239999991,0,0,42.7900000000001,2
916.830000000002,64.9940000000033,189.4,9.0819763999999,195.5,10.4465098,0,0,24.8600000000006,2
916.080000000012,61.2860000000023,155.4,1.96850719999945,191.4,2.68432799999974,0,0,62.1200000000012,2
918.670000000007,71.9960000000041,177.2,2.72906679999976,197.3,3.5567346,0,0,32.5900000000004,2
913.770000000008,49.4239999999987,175.8,12.5716027999998,185.3,15.3677777999999,0,0,83.0600000000007,2
915.010000000013,60.6020000000023,179.8,6.35290959999947,194.5,7.67270419999978,0,0,51.9600000000011,2
911.680000000008,62.8699999999985,180.2,11.0057447999997,186.9,12.7729273999999,0,0,26.2600000000007,2
922.400000000009,47.6959999999971,170.7,2.52774219999961,172.1,3.51199580000002,0,0,88.2600000000001,2
914.800000000005,67.6580000000051,193.3,1.61059679999982,221.2,2.23694000000007,0,0,30.2700000000002,2
914.000000000005,73.4540000000051,173.7,4.54098819999979,181.1,5.27917840000005,0,0,33.7400000000003,2
918.000000000007,82.3639999999996,109.4,1.81192139999985,162.4,2.63958919999986,0,0,26.92,2
917.640000000006,77.846000000004,186.9,3.62384279999977,194.8,4.11596959999994,0,0,30.7600000000004,2
917.35,77.7560000000001,40.5,2.05798480000002,96.7,3.86990619999997,0,0,26.3900000000001,2
919.710000000007,43.6820000000008,210.3,5.01074559999966,225.4,6.57660359999999,0.00999999999999091,200,82.1500000000003,2
910.450000000002,47.822000000001,171.9,14.428263,188.7,18.0744752,0.0100000000002183,75,91.7900000000003,2
925.310000000001,57.398000000004,184.9,2.97513019999997,205.6,3.84753680000007,0,0,19.2800000000003,2
917.380000000011,73.6160000000025,171.1,5.79367459999944,179.5,7.02399159999975,0,0,38.2300000000012,2
917.090000000005,55.2740000000036,198.3,6.01736859999975,207.4,6.95688339999991,0,0,78.2000000000001,2
918.600000000006,72.8240000000048,186.2,6.30817079999981,191.8,7.00162220000006,0,0,22.5,2
920.740000000004,59.0900000000021,180,8.99249879999963,194,10.7596814,0.0800000000001546,520,35.26,2
915.600000000013,69.5840000000023,185.5,4.63046579999937,198.2,5.48050299999977,0,0,28.9700000000011,2
917.690000000009,64.9940000000003,178.3,2.97513019999972,193.9,3.7356897999998,0,0,54.8800000000005,2
914.000000000008,66.6499999999985,173.8,8.36615559999977,181,9.43988679999991,0,0,30.9200000000006,2
915.000000000008,55.0400000000005,191.8,5.36865599999975,220.9,7.0687303999999,0,0,73.5500000000005,2
918.900000000005,63.1040000000007,192.9,3.86990619999968,207.3,5.21207019999993,0,0,26.0200000000001,2
916.600000000005,71.0960000000055,189.3,3.06460779999982,200.8,3.89227560000005,0,0,45.5900000000002,2
